{"stats":{"minecraft:crafted":{"minecraft:oak_planks":152,"minecraft:oak_pressure_plate":1,"minecraft:cooked_chicken":5,"minecraft:stone":7,"hammered:diamond_hammer":2,"minecraft:bookshelf":27,"minecraft:cooked_mutton":11,"minecraft:glass":4,"minecraft:diamond_helmet":2,"minecraft:bow":2,"minecraft:diamond_leggings":2,"minecraft:iron_boots":1,"tombstone:grave_key":1,"minecraft:chest":7,"packedup:basicbackpack":1,"minecraft:stone_hoe":2,"minecraft:glass_bottle":6,"minecraft:redstone_lamp":10,"minecraft:emerald":2,"minecraft:cooked_porkchop":1,"packedup:diamondbackpack":1,"minecraft:crafting_table":16,"simplyswords:iron_claymore":1,"minecraft:acacia_slab":12,"minecraft:wooden_pickaxe":2,"minecraft:iron_helmet":1,"tombstone:impregnated_diamond":1,"tombstone:decorative_grave_simple":1,"minecraft:birch_planks":28,"simplyswords:iron_scythe":1,"minecraft:iron_chestplate":2,"minecraft:book":1,"minecraft:diamond_pickaxe":2,"minecraft:shield":2,"minecraft:stick":342,"minecraft:iron_ingot":75,"minecraft:iron_pickaxe":16,"minecraft:stone_sword":1,"minecraft:gold_ingot":9,"minecraft:redstone_torch":15,"tombstone:book_of_disenchantment":2,"minecraft:iron_nugget":9,"minecraft:furnace":10,"minecraft:diamond_block":4,"minecraft:oak_trapdoor":2,"minecraft:ladder":54,"minecraft:stone_pickaxe":3,"minecraft:diamond_boots":2,"packedup:copperbackpack":1,"minecraft:cooked_beef":5,"minecraft:diamond_sword":2,"minecraft:polished_blackstone_brick_slab":6,"minecraft:iron_sword":1,"minecraft:bucket":2,"minecraft:glowstone":24,"minecraft:enchanted_book":1,"packedup:obsidianbackpack":1,"tombstone:grave_plate":2,"tombstone:dark_marble":3,"minecraft:iron_leggings":1,"minecraft:acacia_planks":312,"packedup:goldbackpack":1,"minecraft:torch":244,"tombstone:bone_needle":1,"minecraft:diamond_chestplate":2},"minecraft:killed_by":{"minecraft:piglin_brute":2,"minecraft:creeper":1,"minecraft:piglin":1,"minecraft:zombie":3,"minecraft:player":1,"minecraft:enderman":2,"minecraft:skeleton":1},"minecraft:picked_up":{"irons_spellbooks:scroll":2,"minecraft:chiseled_deepslate":1,"minecraft:iron_chestplate":2,"minecraft:wheat":16,"minecraft:diamond_sword":2,"minecraft:enchanted_book":2,"minecraft:amethyst_block":67,"minecraft:string":38,"minecraft:soul_soil":1,"minecraft:raw_copper":59,"irons_spellbooks:arcane_essence":16,"minecraft:gold_nugget":64,"minecraft:cobbled_deepslate":2010,"minecraft:bucket":1,"minecraft:redstone_torch":8,"minecraft:iron_pickaxe":1,"irons_spellbooks:blank_rune":3,"minecraft:melon_slice":56,"irons_spellbooks:inscription_table":1,"minecraft:furnace":1,"minecraft:golden_helmet":2,"minecraft:polished_blackstone_brick_slab":1,"minecraft:stick":15,"minecraft:oak_fence":1,"minecraft:torch":23,"minecraft:acacia_log":88,"minecraft:porkchop":21,"tombstone:grave_dust":200,"minecraft:diorite":63,"minecraft:golden_chestplate":1,"minecraft:rotten_flesh":1184,"minecraft:obsidian":8,"minecraft:iron_bars":1,"minecraft:cobblestone":1367,"minecraft:enchanting_table":1,"minecraft:birch_log":8,"minecraft:feather":11,"minecraft:cooked_beef":17,"minecraft:water_bucket":1,"minecraft:andesite":223,"minecraft:potato":1,"minecraft:flint":2,"minecraft:tuff":333,"minecraft:wither_skeleton_skull":1,"minecraft:lapis_lazuli":70,"minecraft:dirt":695,"minecraft:bone":43,"minecraft:acacia_planks":14,"minecraft:bow":4,"minecraft:wheat_seeds":83,"minecraft:raw_gold":51,"minecraft:grindstone":2,"minecraft:fletching_table":1,"minecraft:diamond_helmet":1,"minecraft:glowstone_dust":134,"minecraft:oak_planks":28,"minecraft:cooked_porkchop":18,"minecraft:sand":9,"minecraft:grass_block":1,"minecraft:mossy_cobblestone":53,"minecraft:bundle":26,"tombstone:book_of_disenchantment":1,"minecraft:diamond":113,"minecraft:cracked_polished_blackstone_bricks":13,"minecraft:crossbow":1,"minecraft:granite":3,"minecraft:emerald":18,"minecraft:oak_sapling":9,"minecraft:netherrack":138,"minecraft:crafting_table":9,"minecraft:chicken":14,"minecraft:redstone_lamp":3,"minecraft:gold_block":1,"minecraft:oak_trapdoor":11,"minecraft:blackstone":1,"minecraft:cracked_stone_bricks":1,"minecraft:poppy":2,"minecraft:lectern":1,"minecraft:sugar_cane":1,"minecraft:chest":2,"minecraft:phantom_membrane":3,"minecraft:egg":6,"minecraft:raw_iron":88,"minecraft:polished_blackstone_bricks":1,"minecraft:carrot":13,"minecraft:redstone":367,"irons_spellbooks:gold_spell_book":1,"minecraft:arrow":42,"minecraft:stone_shovel":1,"minecraft:cooked_cod":3,"minecraft:beetroot_seeds":9,"minecraft:deepslate_bricks":5,"minecraft:saddle":1,"tombstone:essence_of_undeath":4,"minecraft:mutton":5,"minecraft:white_wool":5,"minecraft:glow_ink_sac":7,"minecraft:leather":9,"minecraft:oak_log":40,"minecraft:gunpowder":8,"tombstone:gift":2,"minecraft:red_carpet":6,"minecraft:apple":1,"minecraft:stone_bricks":2,"minecraft:iron_ingot":23,"minecraft:stone_pickaxe":1,"minecraft:cooked_chicken":2,"tombstone:bag_of_seeds":25,"minecraft:glass_bottle":3,"minecraft:iron_sword":1,"minecraft:acacia_sapling":7,"minecraft:book":12,"minecraft:scaffolding":4,"minecraft:smooth_basalt":1,"minecraft:milk_bucket":1,"minecraft:pumpkin":1,"minecraft:quartz":23,"minecraft:dandelion":2,"minecraft:gravel":105,"minecraft:soul_torch":5,"tombstone:decorative_grave_simple":1,"minecraft:crying_obsidian":1,"minecraft:spider_eye":15,"minecraft:gray_wool":2,"minecraft:baked_potato":7,"tombstone:magic_scroll":25,"minecraft:acacia_slab":4,"minecraft:coal":80,"minecraft:ender_pearl":2},"minecraft:used":{"minecraft:ladder":44,"minecraft:chest":5,"minecraft:shield":123,"minecraft:iron_sword":163,"minecraft:rotten_flesh":114,"minecraft:mutton":1,"minecraft:carrot":11,"minecraft:tuff":71,"minecraft:milk_bucket":1,"minecraft:glass":11,"tombstone:decorative_grave_simple":2,"minecraft:grass_block":1,"simplyswords:iron_scythe":2,"minecraft:redstone_lamp":3,"minecraft:bow":51,"minecraft:furnace":11,"minecraft:cooked_cod":3,"minecraft:egg":2,"minecraft:diorite":60,"minecraft:oak_planks":16,"minecraft:stone_pickaxe":241,"minecraft:ender_pearl":1,"minecraft:blackstone":1,"minecraft:wooden_pickaxe":74,"minecraft:white_wool":2,"minecraft:golden_apple":3,"minecraft:redstone_torch":20,"minecraft:melon_slice":53,"minecraft:bread":4,"tombstone:grave_key":4,"minecraft:oak_pressure_plate":1,"minecraft:gravel":12,"minecraft:diamond_sword":3293,"minecraft:grindstone":1,"minecraft:andesite":241,"minecraft:experience_bottle":2,"minecraft:oak_trapdoor":13,"minecraft:polished_blackstone_brick_slab":7,"minecraft:enchanting_table":1,"simplyswords:iron_claymore":54,"minecraft:stone_sword":5,"minecraft:stone_shovel":11,"minecraft:redstone":11,"tombstone:grave_plate":2,"minecraft:cooked_chicken":6,"minecraft:stone_hoe":262,"minecraft:netherrack":33,"minecraft:torch":265,"minecraft:dirt":371,"minecraft:granite":3,"minecraft:bookshelf":27,"minecraft:acacia_slab":6,"minecraft:smooth_basalt":1,"minecraft:glowstone":14,"minecraft:beef":5,"tombstone:gift":9,"minecraft:cooked_beef":21,"minecraft:cobbled_deepslate":601,"minecraft:acacia_planks":20,"hammered:diamond_hammer":1420,"minecraft:wheat_seeds":12,"minecraft:cooked_mutton":11,"minecraft:water_bucket":39,"minecraft:amethyst_block":21,"minecraft:baked_potato":5,"minecraft:deepslate_bricks":6,"minecraft:polished_blackstone_bricks":62,"minecraft:mossy_cobblestone":51,"minecraft:crafting_table":21,"tombstone:bag_of_seeds":2,"minecraft:diamond_pickaxe":1230,"minecraft:apple":1,"minecraft:cracked_polished_blackstone_bricks":13,"minecraft:chicken":8,"minecraft:iron_pickaxe":3891,"minecraft:cobblestone":1012,"minecraft:potion":2,"minecraft:porkchop":7,"minecraft:cooked_porkchop":20,"minecraft:bucket":38,"minecraft:soul_torch":5},"minecraft:killed":{"minecraft:spider":20,"minecraft:skeleton":46,"minecraft:chicken":16,"irons_spellbooks:archevoker":1,"irons_spellbooks:summoned_skeleton":10,"minecraft:piglin":7,"minecraft:pig":9,"minecraft:zombie_villager":2,"irons_spellbooks:necromancer":4,"minecraft:creeper":6,"minecraft:sheep":5,"minecraft:pillager":4,"minecraft:zombie":1332,"irons_spellbooks:summoned_vex":1,"minecraft:cow":1,"irons_spellbooks:summoned_zombie":13,"minecraft:phantom":1,"minecraft:ravager":2,"minecraft:enderman":1},"minecraft:custom":{"minecraft:interact_with_crafting_table":138,"minecraft:open_barrel":25,"minecraft:bell_ring":2,"minecraft:leave_game":26,"minecraft:time_since_death":7788,"minecraft:sprint_one_cm":1530356,"minecraft:damage_blocked_by_shield":4685,"minecraft:drop":185,"minecraft:talked_to_villager":23,"minecraft:play_time":1081046,"minecraft:deaths":16,"minecraft:jump":8173,"minecraft:walk_on_water_one_cm":190048,"minecraft:enchant_item":11,"minecraft:interact_with_furnace":67,"minecraft:traded_with_villager":3,"minecraft:interact_with_cartography_table":3,"minecraft:sleep_in_bed":9,"minecraft:damage_dealt":244641,"tombstone:use_disenchantment":1,"minecraft:player_kills":1,"minecraft:crouch_one_cm":39622,"tombstone:undead_killed":1408,"minecraft:horse_one_cm":2473,"minecraft:interact_with_smithing_table":1,"minecraft:interact_with_anvil":16,"minecraft:mob_kills":1525,"minecraft:damage_dealt_resisted":649,"minecraft:climb_one_cm":42661,"minecraft:walk_one_cm":3071442,"tombstone:consume_soul":1,"minecraft:damage_dealt_absorbed":1057,"minecraft:sneak_time":10866,"minecraft:walk_under_water_one_cm":40436,"minecraft:boat_one_cm":13950,"minecraft:interact_with_lectern":1,"minecraft:total_world_time":1081046,"tombstone:raider_killed":7,"minecraft:interact_with_grindstone":2,"minecraft:time_since_rest":827,"minecraft:damage_absorbed":1360,"minecraft:damage_taken":12882,"minecraft:swim_one_cm":115883,"minecraft:fly_one_cm":786393,"minecraft:open_chest":244,"minecraft:fall_one_cm":163514},"minecraft:broken":{"minecraft:diamond_helmet":1,"minecraft:stone_pickaxe":1,"minecraft:diamond_boots":1,"minecraft:diamond_leggings":1,"minecraft:stone_hoe":2,"minecraft:wooden_pickaxe":1,"minecraft:shield":1,"minecraft:iron_pickaxe":16},"minecraft:mined":{"minecraft:sculk_vein":9,"minecraft:obsidian":3,"minecraft:granite":3,"minecraft:budding_amethyst":3,"minecraft:acacia_log":87,"minecraft:grass_block":432,"minecraft:oak_pressure_plate":1,"minecraft:soul_soil":1,"minecraft:deepslate_bricks":4,"minecraft:polished_blackstone_brick_slab":1,"minecraft:sculk_catalyst":1,"minecraft:glowstone":45,"minecraft:iron_ore":7,"minecraft:cobbled_deepslate":120,"minecraft:barrel":1,"minecraft:pumpkin":1,"minecraft:fletching_table":1,"minecraft:deepslate_lapis_ore":7,"minecraft:enchanting_table":1,"minecraft:dirt_path":4,"minecraft:small_amethyst_bud":1,"minecraft:iron_bars":1,"minecraft:deepslate_redstone_ore":85,"minecraft:soul_wall_torch":5,"minecraft:blackstone":1,"irons_spellbooks:alchemist_cauldron":1,"minecraft:medium_amethyst_bud":2,"minecraft:clay":2,"minecraft:torch":4,"minecraft:calcite":3,"minecraft:melon":10,"minecraft:chest":1,"minecraft:nether_quartz_ore":23,"minecraft:cobblestone":257,"minecraft:grindstone":2,"minecraft:oak_planks":19,"minecraft:wall_torch":5,"minecraft:amethyst_block":69,"minecraft:birch_log":8,"minecraft:wheat":13,"minecraft:grass":68,"minecraft:oak_log":35,"minecraft:sand":9,"minecraft:dirt":267,"tombstone:decorative_grave_simple":1,"minecraft:smooth_basalt":4,"minecraft:wither_skeleton_skull":1,"minecraft:netherrack":152,"minecraft:oak_leaves":34,"minecraft:deepslate":2818,"minecraft:redstone_lamp":3,"minecraft:nether_gold_ore":16,"minecraft:crying_obsidian":1,"minecraft:tuff":393,"minecraft:mossy_cobblestone":53,"minecraft:deepslate_diamond_ore":57,"minecraft:glow_lichen":7,"minecraft:redstone_wire":6,"minecraft:acacia_slab":6,"minecraft:oak_trapdoor":11,"minecraft:furnace":1,"minecraft:carrots":1,"minecraft:andesite":226,"minecraft:chiseled_deepslate":1,"minecraft:gold_block":1,"minecraft:bookshelf":2,"minecraft:deepslate_iron_ore":63,"irons_spellbooks:inscription_table":1,"minecraft:stone":1227,"minecraft:redstone_wall_torch":5,"minecraft:podzol":1,"minecraft:acacia_leaves":14,"minecraft:stripped_dark_oak_log":1,"minecraft:oak_fence":1,"minecraft:crafting_table":7,"minecraft:sculk_sensor":19,"minecraft:lectern":1,"minecraft:tall_grass":4,"minecraft:copper_ore":18,"minecraft:lapis_ore":2,"minecraft:deepslate_gold_ore":34,"minecraft:sculk":604,"minecraft:diorite":66,"minecraft:birch_leaves":23,"minecraft:coal_ore":32,"minecraft:gravel":110,"minecraft:cobweb":2,"minecraft:acacia_planks":15,"minecraft:stone_bricks":2},"minecraft:dropped":{"minecraft:porkchop":2,"minecraft:cooked_beef":1,"minecraft:glow_ink_sac":6,"minecraft:glass_bottle":11,"minecraft:diamond":1,"minecraft:crafting_table":2,"minecraft:rail":8,"minecraft:red_carpet":6,"minecraft:flint":2,"minecraft:dirt":82,"tombstone:bag_of_seeds":12,"minecraft:mutton":3,"irons_spellbooks:arcane_essence":6,"irons_spellbooks:gold_spell_book":1,"minecraft:phantom_membrane":3,"minecraft:iron_pickaxe":1,"minecraft:white_wool":2,"minecraft:bone":21,"minecraft:gravel":4,"minecraft:iron_nugget":5,"minecraft:golden_chestplate":1,"minecraft:cobbled_deepslate":860,"minecraft:wheat":6,"minecraft:rotten_flesh":180,"minecraft:oak_planks":1,"minecraft:gunpowder":14,"minecraft:beetroot_seeds":12,"minecraft:acacia_sapling":6,"minecraft:chest":1,"minecraft:iron_bars":1,"minecraft:arrow":2,"minecraft:netherrack":103,"minecraft:lectern":1,"minecraft:egg":4,"minecraft:iron_ingot":6,"minecraft:bread":2,"minecraft:wheat_seeds":24,"minecraft:golden_helmet":2,"minecraft:mossy_cobblestone":1,"minecraft:oak_fence":1,"minecraft:iron_helmet":1,"minecraft:feather":10,"minecraft:cobblestone":33,"minecraft:book":18,"minecraft:stick":7,"minecraft:gray_wool":1,"minecraft:diorite":3,"tombstone:magic_scroll":1,"minecraft:torch":8,"tombstone:grave_dust":24,"minecraft:iron_leggings":1,"minecraft:pumpkin":1,"minecraft:string":15,"minecraft:bucket":4,"minecraft:acacia_planks":1,"minecraft:dandelion":1,"minecraft:stone_sword":1,"minecraft:tuff":64,"minecraft:stone_shovel":2,"minecraft:iron_boots":1,"minecraft:deepslate_bricks":7,"minecraft:diamond_sword":2,"minecraft:potato":1,"minecraft:bundle":6,"minecraft:iron_chestplate":4,"minecraft:oak_sapling":7,"minecraft:redstone_torch":1,"minecraft:spider_eye":11,"minecraft:bow":2,"minecraft:stone_pickaxe":2,"tombstone:book_of_disenchantment":1}},"DataVersion":3465}