{"stats":{"minecraft:crafted":{"minecraft:oak_planks":132,"minecraft:oak_pressure_plate":1,"minecraft:cooked_chicken":5,"minecraft:stone":7,"hammered:diamond_hammer":2,"minecraft:bookshelf":27,"minecraft:iron_boots":1,"minecraft:diamond_helmet":1,"minecraft:bow":1,"minecraft:diamond_leggings":1,"minecraft:chest":5,"packedup:basicbackpack":1,"minecraft:stone_hoe":2,"minecraft:emerald":2,"minecraft:cooked_porkchop":1,"minecraft:crafting_table":13,"simplyswords:iron_claymore":1,"minecraft:acacia_slab":6,"minecraft:wooden_pickaxe":2,"minecraft:iron_helmet":1,"tombstone:decorative_grave_simple":1,"minecraft:birch_planks":28,"simplyswords:iron_scythe":1,"minecraft:iron_chestplate":2,"minecraft:book":1,"minecraft:diamond_pickaxe":2,"minecraft:shield":2,"minecraft:stick":326,"minecraft:iron_ingot":75,"minecraft:iron_pickaxe":15,"minecraft:stone_sword":1,"minecraft:redstone_torch":7,"tombstone:book_of_disenchantment":2,"minecraft:iron_nugget":9,"minecraft:furnace":6,"minecraft:diamond_block":4,"minecraft:oak_trapdoor":2,"minecraft:ladder":54,"minecraft:stone_pickaxe":3,"minecraft:diamond_boots":1,"minecraft:cooked_beef":5,"minecraft:diamond_sword":2,"minecraft:iron_sword":1,"minecraft:bucket":1,"minecraft:enchanted_book":1,"tombstone:grave_plate":2,"tombstone:dark_marble":3,"minecraft:iron_leggings":1,"minecraft:acacia_planks":312,"minecraft:torch":236,"minecraft:diamond_chestplate":1},"minecraft:killed_by":{"minecraft:piglin_brute":2,"minecraft:creeper":1,"minecraft:piglin":1,"minecraft:zombie":2,"minecraft:enderman":2,"minecraft:skeleton":1},"minecraft:picked_up":{"irons_spellbooks:scroll":1,"minecraft:iron_chestplate":2,"minecraft:wheat":16,"minecraft:diamond_sword":1,"minecraft:enchanted_book":2,"minecraft:amethyst_block":48,"minecraft:string":31,"minecraft:raw_copper":40,"irons_spellbooks:arcane_essence":12,"minecraft:gold_nugget":64,"minecraft:cobbled_deepslate":1933,"minecraft:redstone_torch":5,"minecraft:iron_pickaxe":1,"minecraft:melon_slice":53,"irons_spellbooks:inscription_table":1,"minecraft:furnace":1,"minecraft:stick":10,"minecraft:oak_fence":1,"minecraft:torch":16,"minecraft:acacia_log":83,"minecraft:porkchop":21,"tombstone:grave_dust":94,"minecraft:diorite":63,"minecraft:golden_chestplate":1,"minecraft:rotten_flesh":510,"minecraft:cobblestone":964,"minecraft:enchanting_table":1,"minecraft:birch_log":7,"minecraft:feather":9,"minecraft:cooked_beef":17,"minecraft:water_bucket":1,"minecraft:andesite":210,"minecraft:potato":1,"minecraft:flint":2,"minecraft:tuff":333,"minecraft:lapis_lazuli":70,"minecraft:dirt":200,"minecraft:bone":30,"minecraft:acacia_planks":5,"minecraft:bow":3,"minecraft:wheat_seeds":71,"minecraft:raw_gold":51,"minecraft:oak_planks":12,"minecraft:sand":3,"minecraft:grass_block":1,"minecraft:mossy_cobblestone":51,"minecraft:bundle":7,"tombstone:book_of_disenchantment":1,"minecraft:diamond":113,"minecraft:cracked_polished_blackstone_bricks":13,"minecraft:crossbow":1,"minecraft:granite":3,"minecraft:emerald":18,"minecraft:oak_sapling":9,"minecraft:netherrack":136,"minecraft:crafting_table":8,"minecraft:chicken":13,"minecraft:gold_block":1,"minecraft:oak_trapdoor":11,"minecraft:blackstone":1,"minecraft:poppy":2,"minecraft:lectern":1,"minecraft:chest":2,"minecraft:phantom_membrane":3,"minecraft:egg":6,"minecraft:raw_iron":88,"minecraft:polished_blackstone_bricks":1,"minecraft:carrot":7,"minecraft:redstone":361,"irons_spellbooks:gold_spell_book":1,"minecraft:arrow":36,"minecraft:beetroot_seeds":9,"tombstone:essence_of_undeath":1,"minecraft:mutton":5,"minecraft:white_wool":5,"minecraft:glow_ink_sac":7,"minecraft:leather":9,"minecraft:oak_log":34,"minecraft:gunpowder":8,"tombstone:gift":2,"minecraft:iron_ingot":12,"minecraft:stone_pickaxe":1,"minecraft:cooked_chicken":1,"tombstone:bag_of_seeds":18,"minecraft:glass_bottle":3,"minecraft:acacia_sapling":7,"minecraft:book":12,"minecraft:smooth_basalt":1,"minecraft:pumpkin":1,"minecraft:quartz":23,"minecraft:dandelion":2,"minecraft:gravel":103,"minecraft:spider_eye":15,"minecraft:gray_wool":2,"minecraft:baked_potato":3,"tombstone:magic_scroll":11,"minecraft:coal":80,"minecraft:ender_pearl":1},"minecraft:used":{"minecraft:ladder":44,"minecraft:chest":3,"minecraft:shield":122,"minecraft:iron_sword":163,"minecraft:rotten_flesh":92,"minecraft:mutton":1,"minecraft:carrot":8,"minecraft:tuff":70,"tombstone:decorative_grave_simple":1,"minecraft:grass_block":1,"simplyswords:iron_scythe":2,"minecraft:bow":50,"minecraft:furnace":7,"minecraft:egg":2,"minecraft:diorite":60,"minecraft:oak_planks":16,"minecraft:stone_pickaxe":241,"minecraft:blackstone":1,"minecraft:ender_pearl":1,"minecraft:wooden_pickaxe":74,"minecraft:white_wool":2,"minecraft:golden_apple":3,"minecraft:redstone_torch":12,"minecraft:melon_slice":53,"minecraft:bread":4,"minecraft:oak_pressure_plate":1,"minecraft:gravel":12,"minecraft:diamond_sword":1799,"minecraft:andesite":241,"minecraft:oak_trapdoor":13,"simplyswords:iron_claymore":54,"minecraft:enchanting_table":1,"minecraft:stone_sword":5,"minecraft:stone_shovel":11,"tombstone:grave_plate":2,"minecraft:stone_hoe":262,"minecraft:cooked_chicken":6,"minecraft:netherrack":33,"minecraft:torch":263,"minecraft:dirt":154,"minecraft:granite":3,"minecraft:bookshelf":27,"minecraft:acacia_slab":1,"minecraft:smooth_basalt":1,"minecraft:beef":5,"tombstone:gift":7,"minecraft:cooked_beef":21,"minecraft:acacia_planks":20,"minecraft:cobbled_deepslate":312,"hammered:diamond_hammer":69,"minecraft:wheat_seeds":12,"minecraft:water_bucket":26,"minecraft:baked_potato":3,"minecraft:deepslate_bricks":3,"minecraft:polished_blackstone_bricks":1,"minecraft:mossy_cobblestone":50,"minecraft:crafting_table":17,"minecraft:diamond_pickaxe":1226,"minecraft:cracked_polished_blackstone_bricks":13,"minecraft:chicken":7,"minecraft:iron_pickaxe":3891,"minecraft:cobblestone":970,"minecraft:potion":2,"minecraft:porkchop":7,"minecraft:cooked_porkchop":2,"minecraft:bucket":26},"minecraft:killed":{"minecraft:spider":20,"minecraft:skeleton":34,"minecraft:chicken":15,"irons_spellbooks:summoned_skeleton":4,"minecraft:piglin":5,"minecraft:pig":9,"minecraft:zombie_villager":2,"irons_spellbooks:necromancer":2,"minecraft:creeper":6,"minecraft:sheep":5,"minecraft:zombie":632,"irons_spellbooks:summoned_zombie":2,"minecraft:phantom":1,"minecraft:enderman":1},"minecraft:custom":{"minecraft:interact_with_crafting_table":96,"minecraft:bell_ring":2,"minecraft:leave_game":20,"minecraft:time_since_death":250983,"minecraft:sprint_one_cm":980865,"minecraft:damage_blocked_by_shield":4645,"minecraft:drop":145,"minecraft:talked_to_villager":22,"minecraft:play_time":773597,"minecraft:deaths":10,"minecraft:jump":6112,"minecraft:walk_on_water_one_cm":131268,"minecraft:enchant_item":5,"minecraft:interact_with_furnace":59,"minecraft:traded_with_villager":3,"minecraft:interact_with_cartography_table":3,"minecraft:sleep_in_bed":8,"minecraft:damage_dealt":125786,"tombstone:use_disenchantment":1,"minecraft:player_kills":1,"minecraft:crouch_one_cm":24850,"tombstone:undead_killed":677,"minecraft:horse_one_cm":2473,"minecraft:interact_with_smithing_table":1,"minecraft:mob_kills":753,"minecraft:interact_with_anvil":10,"minecraft:climb_one_cm":20543,"minecraft:walk_one_cm":2381248,"tombstone:consume_soul":1,"minecraft:sneak_time":7883,"minecraft:walk_under_water_one_cm":25937,"minecraft:total_world_time":773597,"tombstone:raider_killed":1,"minecraft:time_since_rest":105553,"minecraft:damage_taken":8365,"minecraft:damage_absorbed":306,"minecraft:swim_one_cm":94296,"minecraft:fly_one_cm":477550,"minecraft:open_chest":122,"minecraft:fall_one_cm":102440},"minecraft:broken":{"minecraft:stone_pickaxe":1,"minecraft:stone_hoe":2,"minecraft:wooden_pickaxe":1,"minecraft:shield":1,"minecraft:iron_pickaxe":16},"minecraft:mined":{"minecraft:sculk_vein":9,"minecraft:granite":3,"minecraft:budding_amethyst":3,"minecraft:acacia_log":82,"minecraft:grass_block":31,"minecraft:oak_pressure_plate":1,"minecraft:sculk_catalyst":1,"minecraft:iron_ore":7,"minecraft:cobbled_deepslate":71,"minecraft:pumpkin":1,"minecraft:deepslate_lapis_ore":7,"minecraft:enchanting_table":1,"minecraft:dirt_path":4,"minecraft:small_amethyst_bud":1,"minecraft:deepslate_redstone_ore":85,"minecraft:blackstone":1,"minecraft:medium_amethyst_bud":2,"minecraft:clay":2,"minecraft:torch":3,"minecraft:calcite":3,"minecraft:melon":9,"minecraft:chest":1,"minecraft:nether_quartz_ore":23,"minecraft:cobblestone":219,"minecraft:oak_planks":3,"minecraft:wall_torch":5,"minecraft:amethyst_block":50,"minecraft:birch_log":7,"minecraft:wheat":13,"minecraft:grass":38,"minecraft:oak_log":30,"minecraft:sand":3,"minecraft:dirt":99,"minecraft:smooth_basalt":4,"minecraft:netherrack":143,"minecraft:oak_leaves":10,"minecraft:deepslate":2801,"minecraft:nether_gold_ore":16,"minecraft:tuff":390,"minecraft:mossy_cobblestone":51,"minecraft:deepslate_diamond_ore":57,"minecraft:glow_lichen":5,"minecraft:oak_trapdoor":11,"minecraft:furnace":1,"minecraft:carrots":1,"minecraft:andesite":212,"minecraft:gold_block":1,"minecraft:bookshelf":2,"minecraft:deepslate_iron_ore":59,"irons_spellbooks:inscription_table":1,"minecraft:stone":797,"minecraft:redstone_wall_torch":3,"minecraft:acacia_leaves":10,"minecraft:oak_fence":1,"minecraft:crafting_table":6,"minecraft:sculk_sensor":19,"minecraft:lectern":1,"minecraft:tall_grass":1,"minecraft:copper_ore":11,"minecraft:lapis_ore":2,"minecraft:deepslate_gold_ore":34,"minecraft:sculk":604,"minecraft:diorite":66,"minecraft:coal_ore":32,"minecraft:gravel":110,"minecraft:cobweb":2,"minecraft:acacia_planks":6},"minecraft:dropped":{"minecraft:porkchop":2,"minecraft:cooked_beef":1,"minecraft:glow_ink_sac":6,"minecraft:glass_bottle":5,"minecraft:diamond":1,"minecraft:crafting_table":2,"minecraft:rail":8,"minecraft:flint":2,"minecraft:dirt":27,"tombstone:bag_of_seeds":11,"minecraft:mutton":3,"irons_spellbooks:gold_spell_book":1,"minecraft:phantom_membrane":3,"minecraft:iron_pickaxe":1,"minecraft:white_wool":2,"minecraft:bone":17,"minecraft:gravel":4,"minecraft:iron_nugget":5,"minecraft:golden_chestplate":1,"minecraft:cobbled_deepslate":859,"minecraft:wheat":6,"minecraft:rotten_flesh":104,"minecraft:oak_planks":1,"minecraft:gunpowder":14,"minecraft:beetroot_seeds":12,"minecraft:acacia_sapling":6,"minecraft:chest":1,"minecraft:arrow":2,"minecraft:netherrack":103,"minecraft:lectern":1,"minecraft:egg":4,"minecraft:iron_ingot":6,"minecraft:bread":2,"minecraft:wheat_seeds":14,"minecraft:mossy_cobblestone":1,"minecraft:iron_helmet":1,"minecraft:oak_fence":1,"minecraft:feather":8,"minecraft:cobblestone":30,"minecraft:book":18,"minecraft:stick":2,"minecraft:gray_wool":1,"minecraft:diorite":3,"minecraft:torch":8,"tombstone:grave_dust":15,"minecraft:iron_leggings":1,"minecraft:pumpkin":1,"minecraft:string":6,"minecraft:acacia_planks":1,"minecraft:dandelion":1,"minecraft:stone_sword":1,"minecraft:tuff":64,"minecraft:iron_boots":1,"minecraft:diamond_sword":1,"minecraft:potato":1,"minecraft:bundle":4,"minecraft:iron_chestplate":4,"minecraft:oak_sapling":7,"minecraft:spider_eye":11,"minecraft:bow":2,"minecraft:stone_pickaxe":2,"tombstone:book_of_disenchantment":1}},"DataVersion":3465}