{"stats":{"minecraft:mined":{"minecraft:nether_gold_ore":16,"minecraft:tuff":390,"minecraft:deepslate_diamond_ore":56,"minecraft:glow_lichen":5,"minecraft:budding_amethyst":3,"minecraft:acacia_log":25,"minecraft:grass_block":8,"minecraft:oak_pressure_plate":1,"minecraft:oak_trapdoor":11,"minecraft:furnace":1,"minecraft:carrots":1,"minecraft:iron_ore":7,"minecraft:cobbled_deepslate":71,"minecraft:pumpkin":1,"minecraft:deepslate_lapis_ore":7,"minecraft:bookshelf":2,"minecraft:dirt_path":2,"minecraft:deepslate_iron_ore":59,"minecraft:small_amethyst_bud":1,"irons_spellbooks:inscription_table":1,"minecraft:stone":148,"minecraft:redstone_wall_torch":1,"minecraft:deepslate_redstone_ore":85,"minecraft:acacia_leaves":5,"minecraft:medium_amethyst_bud":2,"minecraft:clay":2,"minecraft:oak_fence":1,"minecraft:crafting_table":3,"minecraft:torch":2,"minecraft:calcite":3,"minecraft:melon":7,"minecraft:lectern":1,"minecraft:nether_quartz_ore":23,"minecraft:copper_ore":8,"minecraft:cobblestone":7,"minecraft:deepslate_gold_ore":34,"minecraft:oak_planks":3,"minecraft:wall_torch":1,"minecraft:amethyst_block":50,"minecraft:birch_log":7,"minecraft:wheat":1,"minecraft:grass":11,"minecraft:oak_log":19,"minecraft:coal_ore":32,"minecraft:gravel":102,"minecraft:dirt":23,"minecraft:cobweb":2,"minecraft:smooth_basalt":4,"minecraft:acacia_planks":2,"minecraft:netherrack":143,"minecraft:oak_leaves":9,"minecraft:deepslate":2801},"minecraft:custom":{"minecraft:interact_with_anvil":2,"minecraft:mob_kills":82,"minecraft:interact_with_crafting_table":44,"minecraft:bell_ring":2,"minecraft:leave_game":9,"minecraft:time_since_death":219313,"minecraft:climb_one_cm":1267,"minecraft:sprint_one_cm":419518,"minecraft:walk_one_cm":1379553,"minecraft:damage_blocked_by_shield":2440,"minecraft:drop":87,"minecraft:talked_to_villager":21,"minecraft:play_time":393679,"minecraft:deaths":8,"minecraft:sneak_time":1151,"minecraft:walk_under_water_one_cm":11853,"minecraft:jump":2973,"minecraft:walk_on_water_one_cm":44137,"minecraft:total_world_time":393679,"minecraft:interact_with_furnace":48,"minecraft:traded_with_villager":3,"minecraft:interact_with_cartography_table":1,"minecraft:sleep_in_bed":6,"minecraft:time_since_rest":119105,"minecraft:damage_taken":5088,"minecraft:damage_dealt":15130,"minecraft:swim_one_cm":35160,"minecraft:fly_one_cm":145294,"minecraft:open_chest":37,"minecraft:crouch_one_cm":5046,"tombstone:undead_killed":55,"minecraft:fall_one_cm":43747,"minecraft:horse_one_cm":2473},"minecraft:picked_up":{"minecraft:iron_chestplate":2,"minecraft:crafting_table":3,"minecraft:wheat":3,"minecraft:chicken":6,"minecraft:enchanted_book":1,"minecraft:amethyst_block":48,"minecraft:string":9,"minecraft:oak_trapdoor":11,"minecraft:raw_copper":30,"irons_spellbooks:arcane_essence":8,"minecraft:gold_nugget":64,"minecraft:cobbled_deepslate":1933,"minecraft:redstone_torch":1,"minecraft:iron_pickaxe":1,"minecraft:lectern":1,"minecraft:melon_slice":40,"irons_spellbooks:inscription_table":1,"minecraft:furnace":1,"minecraft:egg":3,"minecraft:stick":7,"minecraft:raw_iron":88,"minecraft:oak_fence":1,"minecraft:torch":12,"minecraft:acacia_log":27,"minecraft:porkchop":12,"tombstone:grave_dust":8,"minecraft:carrot":5,"minecraft:redstone":361,"minecraft:arrow":13,"minecraft:rotten_flesh":85,"minecraft:beetroot_seeds":9,"tombstone:essence_of_undeath":1,"minecraft:mutton":3,"minecraft:white_wool":2,"minecraft:cobblestone":149,"minecraft:birch_log":7,"minecraft:feather":4,"minecraft:cooked_beef":11,"minecraft:glow_ink_sac":6,"minecraft:leather":9,"minecraft:potato":1,"minecraft:flint":2,"minecraft:tuff":333,"minecraft:oak_log":19,"minecraft:gunpowder":4,"minecraft:lapis_lazuli":54,"minecraft:dirt":89,"tombstone:gift":1,"minecraft:bone":15,"minecraft:acacia_planks":2,"minecraft:wheat_seeds":11,"minecraft:raw_gold":51,"minecraft:iron_ingot":10,"minecraft:stone_pickaxe":1,"tombstone:bag_of_seeds":1,"minecraft:glass_bottle":3,"minecraft:oak_planks":11,"minecraft:book":6,"minecraft:smooth_basalt":1,"minecraft:pumpkin":1,"minecraft:quartz":23,"minecraft:gravel":96,"minecraft:grass_block":1,"minecraft:spider_eye":3,"minecraft:bundle":1,"minecraft:diamond":111,"minecraft:gray_wool":1,"minecraft:emerald":18,"tombstone:magic_scroll":1,"minecraft:oak_sapling":7,"minecraft:netherrack":136,"minecraft:coal":80,"minecraft:ender_pearl":1},"minecraft:killed_by":{"minecraft:creeper":1,"minecraft:enderman":2,"minecraft:piglin":1,"minecraft:skeleton":1,"minecraft:zombie":2},"minecraft:crafted":{"minecraft:oak_planks":76,"minecraft:iron_nugget":9,"minecraft:oak_pressure_plate":1,"minecraft:cooked_chicken":5,"minecraft:furnace":5,"minecraft:oak_trapdoor":2,"minecraft:diamond_helmet":1,"minecraft:bow":1,"minecraft:diamond_leggings":1,"minecraft:iron_boots":1,"minecraft:stone_pickaxe":2,"minecraft:chest":4,"minecraft:diamond_boots":1,"packedup:basicbackpack":1,"minecraft:cooked_beef":5,"minecraft:diamond_sword":1,"minecraft:emerald":2,"minecraft:cooked_porkchop":1,"minecraft:crafting_table":10,"simplyswords:iron_claymore":1,"minecraft:wooden_pickaxe":1,"minecraft:iron_helmet":1,"minecraft:iron_sword":1,"minecraft:birch_planks":28,"minecraft:enchanted_book":1,"simplyswords:iron_scythe":1,"minecraft:iron_chestplate":2,"minecraft:book":1,"minecraft:diamond_pickaxe":1,"minecraft:shield":1,"minecraft:stick":186,"minecraft:iron_ingot":75,"minecraft:iron_pickaxe":15,"minecraft:stone_sword":1,"minecraft:iron_leggings":1,"minecraft:redstone_torch":4,"minecraft:acacia_planks":106,"minecraft:torch":236,"minecraft:diamond_chestplate":1},"minecraft:used":{"minecraft:oak_trapdoor":13,"minecraft:stone_sword":5,"simplyswords:iron_claymore":53,"minecraft:chest":2,"minecraft:shield":67,"minecraft:iron_sword":163,"minecraft:cooked_chicken":5,"minecraft:rotten_flesh":24,"minecraft:netherrack":33,"minecraft:torch":263,"minecraft:dirt":47,"minecraft:carrot":6,"minecraft:tuff":70,"minecraft:grass_block":1,"minecraft:smooth_basalt":1,"simplyswords:iron_scythe":2,"minecraft:bow":31,"minecraft:furnace":6,"tombstone:gift":5,"minecraft:egg":1,"minecraft:cooked_beef":13,"minecraft:cobbled_deepslate":307,"minecraft:acacia_planks":7,"minecraft:stone_pickaxe":188,"minecraft:ender_pearl":1,"minecraft:wooden_pickaxe":60,"minecraft:crafting_table":12,"minecraft:redstone_torch":5,"minecraft:diamond_pickaxe":86,"minecraft:chicken":1,"minecraft:bread":4,"minecraft:melon_slice":25,"minecraft:iron_pickaxe":3748,"minecraft:oak_pressure_plate":1,"minecraft:gravel":3,"minecraft:diamond_sword":75,"minecraft:cobblestone":86,"minecraft:potion":2,"minecraft:cooked_porkchop":1},"minecraft:killed":{"irons_spellbooks:summoned_zombie":2,"minecraft:spider":7,"minecraft:skeleton":10,"minecraft:chicken":6,"irons_spellbooks:summoned_skeleton":1,"minecraft:piglin":1,"minecraft:pig":5,"minecraft:zombie_villager":2,"irons_spellbooks:necromancer":1,"minecraft:creeper":3,"minecraft:sheep":2,"minecraft:zombie":39,"minecraft:enderman":1},"minecraft:broken":{"minecraft:wooden_pickaxe":1,"minecraft:stone_pickaxe":1,"minecraft:iron_pickaxe":15},"minecraft:dropped":{"minecraft:iron_ingot":6,"minecraft:bread":2,"minecraft:porkchop":2,"minecraft:wheat_seeds":8,"minecraft:cooked_beef":1,"minecraft:glow_ink_sac":6,"minecraft:glass_bottle":5,"minecraft:crafting_table":1,"minecraft:oak_fence":1,"minecraft:feather":4,"minecraft:cobblestone":26,"minecraft:book":6,"minecraft:rail":8,"minecraft:dirt":11,"minecraft:torch":4,"minecraft:mutton":3,"tombstone:grave_dust":3,"minecraft:pumpkin":1,"minecraft:iron_pickaxe":1,"minecraft:string":6,"minecraft:white_wool":1,"minecraft:bone":5,"minecraft:iron_nugget":5,"minecraft:stone_sword":1,"minecraft:cobbled_deepslate":859,"minecraft:tuff":64,"minecraft:wheat":6,"minecraft:rotten_flesh":50,"minecraft:potato":1,"minecraft:gunpowder":10,"minecraft:iron_chestplate":3,"minecraft:beetroot_seeds":12,"minecraft:oak_sapling":7,"minecraft:spider_eye":2,"minecraft:arrow":1,"minecraft:stone_pickaxe":2,"minecraft:netherrack":103,"minecraft:lectern":1,"minecraft:egg":2}},"DataVersion":3465}