{"stats":{"minecraft:crafted":{"minecraft:oak_planks":1552,"irons_spellbooks:iron_spell_book":1,"minecraft:cooked_chicken":16,"minecraft:chain":3,"minecraft:stone":71,"minecraft:bookshelf":2,"irons_spellbooks:alchemist_cauldron":1,"minecraft:cooked_mutton":24,"minecraft:deepslate_brick_stairs":8,"minecraft:quartz_block":45,"minecraft:glass":25,"minecraft:hopper":1,"minecraft:diamond_helmet":4,"minecraft:diamond_leggings":1,"minecraft:iron_boots":2,"minecraft:netherite_boots":1,"simplyswords:diamond_longsword":1,"minecraft:chest":22,"packedup:basicbackpack":3,"minecraft:netherite_upgrade_smithing_template":8,"minecraft:stone_hoe":2,"minecraft:glass_bottle":6,"minecraft:deepslate":1,"minecraft:wooden_shovel":1,"minecraft:emerald":243,"minecraft:cauldron":1,"minecraft:cooked_porkchop":104,"packedup:diamondbackpack":1,"minecraft:crafting_table":20,"simplyswords:iron_claymore":1,"minecraft:acacia_slab":18,"minecraft:wooden_pickaxe":1,"minecraft:iron_helmet":2,"tombstone:decorative_grave_simple":1,"minecraft:smithing_table":1,"minecraft:copper_ingot":34,"minecraft:campfire":2,"minecraft:lectern":2,"minecraft:iron_chestplate":1,"minecraft:book":7,"minecraft:paper":210,"minecraft:diamond_pickaxe":1,"minecraft:stick":3382,"minecraft:iron_ingot":360,"minecraft:iron_pickaxe":8,"minecraft:iron_block":3,"minecraft:stone_sword":2,"minecraft:gold_ingot":128,"irons_spellbooks:mana_ring":1,"minecraft:netherite_ingot":4,"irons_spellbooks:amethyst_resonance_charm":1,"minecraft:deepslate_bricks":632,"irons_spellbooks:magic_cloth":2,"minecraft:shears":1,"irons_spellbooks:arcane_ingot":4,"minecraft:stone_shovel":6,"minecraft:iron_nugget":18,"minecraft:furnace":8,"minecraft:bone_meal":24,"irons_spellbooks:wayward_compass":1,"minecraft:oak_trapdoor":2,"minecraft:flint_and_steel":1,"irons_spellbooks:scroll_forge":1,"minecraft:netherite_leggings":1,"minecraft:polished_deepslate":696,"minecraft:iron_axe":1,"simplyswords:netherite_longsword":1,"minecraft:stone_pickaxe":15,"simplyswords:iron_rapier":8,"minecraft:diamond_boots":1,"minecraft:redstone_block":14,"minecraft:netherite_scrap":6,"minecraft:golden_helmet":1,"irons_spellbooks:gold_spell_book":1,"packedup:copperbackpack":1,"minecraft:wheat":225,"minecraft:cooked_beef":62,"minecraft:netherite_pickaxe":1,"minecraft:enchanting_table":1,"simplyswords:iron_halberd":1,"tombstone:ankh_of_pray":1,"minecraft:bucket":2,"minecraft:stone_axe":6,"minecraft:enchanted_book":7,"minecraft:air":0,"minecraft:bread":96,"minecraft:acacia_boat":1,"packedup:obsidianbackpack":1,"minecraft:golden_apple":1,"tombstone:dark_marble":3,"minecraft:iron_shovel":1,"minecraft:iron_leggings":2,"minecraft:anvil":1,"minecraft:white_bed":10,"minecraft:acacia_planks":740,"packedup:goldbackpack":1,"minecraft:torch":156,"irons_spellbooks:diamond_spell_book":1,"minecraft:diamond_chestplate":1},"minecraft:killed_by":{"minecraft:zombified_piglin":1,"minecraft:piglin_brute":4,"minecraft:piglin":1,"minecraft:zombie":2,"minecraft:enderman":2,"minecraft:warden":10,"minecraft:skeleton":1},"minecraft:picked_up":{"irons_spellbooks:scroll":2,"minecraft:iron_chestplate":2,"minecraft:wheat":209,"minecraft:anvil":1,"packedup:basicbackpack":3,"minecraft:gilded_blackstone":2,"simplyswords:iron_rapier":4,"minecraft:golden_sword":2,"minecraft:amethyst_block":29,"minecraft:polished_deepslate":1,"minecraft:string":52,"minecraft:raw_copper":20,"minecraft:shroomlight":1,"irons_spellbooks:arcane_essence":17,"minecraft:gold_nugget":268,"minecraft:cobbled_deepslate":1875,"minecraft:bucket":2,"minecraft:redstone_torch":1,"minecraft:calcite":4,"minecraft:melon_slice":22,"irons_spellbooks:inscription_table":1,"minecraft:stick":41,"minecraft:oak_fence":4,"minecraft:torch":60,"minecraft:acacia_log":189,"minecraft:porkchop":81,"minecraft:golden_axe":1,"minecraft:pointed_dripstone":9,"tombstone:grave_dust":108,"minecraft:diorite":22,"minecraft:deepslate_tile_stairs":2,"minecraft:cauldron":1,"minecraft:orange_bed":1,"minecraft:rotten_flesh":182,"minecraft:tropical_fish":1,"minecraft:deepslate_brick_stairs":2,"minecraft:obsidian":20,"minecraft:cobblestone":447,"minecraft:enchanting_table":1,"minecraft:magma_block":2,"minecraft:feather":24,"minecraft:iron_door":1,"minecraft:andesite":37,"minecraft:brown_wool":1,"minecraft:flint":2,"minecraft:tuff":153,"irons_spellbooks:keeper_flamberge":2,"minecraft:lapis_lazuli":247,"minecraft:dirt":403,"irons_spellbooks:hogskin":6,"minecraft:bone":63,"minecraft:acacia_planks":34,"minecraft:bow":7,"minecraft:wheat_seeds":599,"minecraft:raw_gold":162,"minecraft:fletching_table":1,"minecraft:glowstone_dust":211,"minecraft:moss_block":1,"minecraft:oak_planks":82,"minecraft:cooked_porkchop":26,"irons_spellbooks:legendary_ink":2,"minecraft:oak_pressure_plate":2,"minecraft:sand":11,"minecraft:grass_block":1,"minecraft:acacia_stairs":1,"minecraft:bundle":4,"minecraft:yellow_carpet":1,"minecraft:diamond":162,"minecraft:soul_lantern":3,"minecraft:cracked_polished_blackstone_bricks":84,"minecraft:granite":32,"minecraft:emerald":3,"minecraft:bread":3,"minecraft:oak_sapling":46,"minecraft:netherrack":1771,"minecraft:charcoal":2,"minecraft:crafting_table":13,"minecraft:chicken":21,"minecraft:clay_ball":1376,"minecraft:redstone_lamp":2,"minecraft:brown_mushroom":2,"minecraft:pink_wool":1,"minecraft:gold_block":34,"minecraft:oak_trapdoor":15,"minecraft:netherite_scrap":10,"minecraft:blackstone":20,"minecraft:beef":77,"minecraft:iron_nugget":710,"minecraft:poppy":1,"minecraft:light_gray_wool":2,"minecraft:lectern":114,"minecraft:sugar_cane":548,"minecraft:chest":3,"minecraft:birch_sapling":2,"minecraft:egg":16,"minecraft:raw_iron":298,"minecraft:polished_blackstone_bricks":87,"minecraft:carrot":2,"minecraft:redstone":229,"irons_spellbooks:alchemist_cauldron":2,"irons_spellbooks:evocation_rune":1,"irons_spellbooks:gold_spell_book":1,"minecraft:arrow":65,"minecraft:weeping_vines":1,"minecraft:deepslate_bricks":20,"minecraft:hay_block":25,"minecraft:totem_of_undying":1,"tombstone:essence_of_undeath":1,"minecraft:saddle":1,"minecraft:gold_ingot":2,"minecraft:mutton":39,"minecraft:rail":1,"minecraft:white_wool":49,"minecraft:oxeye_daisy":1,"minecraft:stripped_oak_log":1,"minecraft:basalt":56,"minecraft:glow_ink_sac":8,"minecraft:leather":51,"minecraft:oak_log":454,"minecraft:ancient_debris":4,"minecraft:nether_wart_block":2,"minecraft:gunpowder":25,"minecraft:white_banner":2,"irons_spellbooks:rare_ink":1,"minecraft:cooked_mutton":1,"minecraft:apple":4,"minecraft:kelp":18,"minecraft:iron_ingot":17,"tombstone:bag_of_seeds":6,"minecraft:glass_bottle":9,"irons_spellbooks:cinder_essence":35,"minecraft:acacia_sapling":18,"minecraft:soul_sand":9,"minecraft:book":183,"minecraft:oak_slab":2,"minecraft:smooth_basalt":5,"minecraft:warped_fungus":1,"minecraft:quartz":419,"minecraft:dandelion":4,"minecraft:gravel":15,"minecraft:amethyst_shard":12,"minecraft:soul_torch":9,"minecraft:crying_obsidian":10,"minecraft:spider_eye":2,"minecraft:light_blue_carpet":1,"tombstone:magic_scroll":3,"minecraft:acacia_slab":9,"minecraft:coal":371,"minecraft:hopper":1,"minecraft:ender_pearl":3},"minecraft:used":{"irons_spellbooks:inscription_table":1,"minecraft:iron_shovel":227,"minecraft:polished_deepslate":1,"minecraft:diamond_hoe":2774,"minecraft:chest":21,"minecraft:rotten_flesh":50,"minecraft:iron_chestplate":1,"minecraft:carrot":1,"minecraft:acacia_sapling":17,"minecraft:tuff":7,"minecraft:weeping_vines":1,"minecraft:obsidian":12,"tombstone:decorative_grave_simple":1,"minecraft:redstone_lamp":2,"minecraft:magma_block":2,"minecraft:oak_sapling":44,"minecraft:furnace":8,"minecraft:potato":1,"minecraft:golden_boots":13,"minecraft:diorite":16,"minecraft:diamond_boots":15,"minecraft:oak_planks":30,"minecraft:stone_pickaxe":1969,"simplyswords:iron_rapier":519,"minecraft:ender_pearl":1,"minecraft:wooden_pickaxe":8,"minecraft:sugar_cane":98,"minecraft:glow_berries":10,"minecraft:golden_apple":1,"minecraft:white_wool":1,"minecraft:netherite_leggings":1,"minecraft:crossbow":1,"minecraft:shears":1,"minecraft:deepslate_brick_stairs":7,"minecraft:melon_slice":10,"minecraft:bread":58,"minecraft:lectern":116,"minecraft:iron_door":1,"minecraft:deepslate":1,"minecraft:gravel":6,"minecraft:golden_helmet":1,"minecraft:soul_lantern":1,"minecraft:nether_wart_block":2,"tombstone:familiar_stone":3,"minecraft:smithing_table":1,"minecraft:andesite":9,"minecraft:oak_fence":1,"minecraft:oak_trapdoor":15,"minecraft:stone_sword":161,"simplyswords:iron_claymore":250,"minecraft:acacia_log":4,"minecraft:flint_and_steel":1,"minecraft:enchanting_table":2,"minecraft:stone_shovel":606,"minecraft:wooden_shovel":61,"minecraft:stone_hoe":186,"minecraft:cooked_chicken":16,"minecraft:netherrack":551,"minecraft:orange_bed":1,"minecraft:torch":204,"minecraft:dirt":327,"minecraft:anvil":2,"minecraft:hopper":2,"simplyswords:diamond_longsword":857,"minecraft:granite":13,"minecraft:shroomlight":1,"tombstone:ankh_of_pray":13,"minecraft:iron_axe":111,"minecraft:acacia_slab":12,"simplyswords:netherite_longsword":54,"minecraft:iron_boots":1,"minecraft:smooth_basalt":1,"minecraft:light_gray_wool":1,"minecraft:basalt":56,"minecraft:goat_horn":2,"tombstone:gift":19,"minecraft:netherite_pickaxe":1313,"minecraft:cooked_beef":44,"minecraft:cobbled_deepslate":298,"minecraft:acacia_planks":274,"minecraft:iron_leggings":1,"minecraft:wheat_seeds":219,"minecraft:cooked_mutton":13,"tombstone:scroll_of_mercy":2,"minecraft:acacia_boat":1,"minecraft:water_bucket":68,"minecraft:cauldron":1,"minecraft:fletching_table":1,"minecraft:deepslate_bricks":515,"minecraft:polished_blackstone_bricks":1,"minecraft:crafting_table":33,"minecraft:white_bed":10,"minecraft:campfire":2,"tombstone:tablet_of_home":2,"tombstone:bag_of_seeds":4,"irons_spellbooks:alchemist_cauldron":3,"minecraft:oak_log":4,"minecraft:acacia_stairs":1,"minecraft:diamond_pickaxe":1162,"minecraft:cracked_polished_blackstone_bricks":32,"minecraft:iron_pickaxe":2488,"tombstone:magic_scroll":2,"minecraft:stone_axe":756,"irons_spellbooks:scroll_forge":1,"minecraft:cobblestone":253,"minecraft:potion":1,"minecraft:porkchop":2,"minecraft:white_banner":2,"minecraft:cooked_porkchop":112,"minecraft:bucket":71,"minecraft:stripped_oak_log":1,"minecraft:soul_torch":2},"minecraft:killed":{"minecraft:zombified_piglin":8,"minecraft:witch":3,"minecraft:spider":28,"minecraft:skeleton":75,"minecraft:chicken":21,"irons_spellbooks:summoned_skeleton":8,"minecraft:piglin_brute":15,"minecraft:magma_cube":36,"minecraft:piglin":18,"minecraft:pig":27,"minecraft:zombie_villager":2,"irons_spellbooks:necromancer":7,"minecraft:creeper":28,"minecraft:sheep":23,"minecraft:pillager":4,"irons_spellbooks:summoned_vex":2,"minecraft:zombie":146,"minecraft:blaze":1,"minecraft:cow":45,"minecraft:evoker":2,"minecraft:vex":2,"irons_spellbooks:summoned_zombie":9,"minecraft:vindicator":6,"minecraft:llama":1,"minecraft:drowned":2,"minecraft:bat":2,"irons_spellbooks:citadel_keeper":28,"minecraft:hoglin":17,"minecraft:villager":1,"minecraft:enderman":12},"minecraft:custom":{"minecraft:animals_bred":18,"minecraft:interact_with_crafting_table":231,"minecraft:open_barrel":60,"minecraft:bell_ring":13,"minecraft:leave_game":20,"minecraft:time_since_death":5530,"minecraft:sprint_one_cm":2769252,"minecraft:drop":145,"minecraft:talked_to_villager":264,"minecraft:play_time":1619067,"minecraft:deaths":26,"minecraft:jump":20579,"minecraft:walk_on_water_one_cm":247102,"minecraft:enchant_item":5,"minecraft:interact_with_furnace":245,"minecraft:traded_with_villager":250,"minecraft:interact_with_cartography_table":1,"minecraft:sleep_in_bed":38,"tombstone:sneak_grave":4,"minecraft:damage_dealt":107973,"minecraft:crouch_one_cm":501851,"tombstone:undead_killed":257,"tombstone:villager_killed":1,"minecraft:horse_one_cm":202388,"minecraft:interact_with_smithing_table":10,"minecraft:interact_with_anvil":19,"minecraft:mob_kills":599,"minecraft:inspect_hopper":2,"minecraft:interact_with_campfire":12,"minecraft:climb_one_cm":16709,"minecraft:walk_one_cm":5071116,"minecraft:sneak_time":133051,"minecraft:walk_under_water_one_cm":278121,"minecraft:boat_one_cm":78165,"minecraft:interact_with_lectern":1,"minecraft:interact_with_blast_furnace":1,"minecraft:total_world_time":1619067,"tombstone:raider_killed":15,"minecraft:interact_with_grindstone":1,"tombstone:pray_on_grave":2,"minecraft:time_since_rest":5253,"minecraft:damage_taken":25316,"minecraft:damage_absorbed":4876,"minecraft:swim_one_cm":347956,"minecraft:fly_one_cm":3563345,"minecraft:open_chest":724,"minecraft:fall_one_cm":529997},"minecraft:broken":{"minecraft:golden_helmet":1,"minecraft:wooden_shovel":1,"minecraft:stone_pickaxe":15,"simplyswords:iron_claymore":1,"minecraft:stone_axe":5,"minecraft:stone_shovel":3,"minecraft:stone_sword":1,"minecraft:stone_hoe":1,"minecraft:iron_pickaxe":9},"minecraft:dropped":{"minecraft:oak_pressure_plate":2,"minecraft:cooked_beef":16,"minecraft:oak_log":1,"minecraft:ender_pearl":2,"minecraft:glass_bottle":2,"minecraft:diamond":30,"minecraft:cooked_porkchop":18,"minecraft:leather":5,"minecraft:rail":1,"minecraft:emerald":18,"minecraft:cracked_polished_blackstone_bricks":26,"minecraft:dirt":1,"irons_spellbooks:gold_spell_book":1,"minecraft:bone_meal":3,"minecraft:iron_pickaxe":1,"minecraft:white_wool":1,"minecraft:gold_ingot":2,"minecraft:bone":1,"minecraft:gravel":5,"minecraft:stone_axe":1,"minecraft:blackstone":1,"minecraft:cobbled_deepslate":24,"minecraft:obsidian":5,"minecraft:rotten_flesh":44,"minecraft:oak_planks":9,"minecraft:cooked_mutton":8,"minecraft:poppy":1,"minecraft:gunpowder":5,"minecraft:charcoal":2,"minecraft:acacia_slab":2,"minecraft:arrow":1,"minecraft:quartz":22,"minecraft:netherrack":384,"minecraft:egg":4,"minecraft:water_bucket":1,"minecraft:iron_ingot":46,"minecraft:bread":48,"minecraft:wheat_seeds":9,"minecraft:oak_fence":2,"minecraft:feather":3,"minecraft:cobblestone":3,"minecraft:book":6,"minecraft:granite":19,"minecraft:coal":48,"minecraft:yellow_carpet":1,"minecraft:stick":3,"minecraft:oxeye_daisy":1,"minecraft:deepslate_brick_stairs":3,"minecraft:milk_bucket":1,"minecraft:torch":11,"minecraft:diamond_helmet":1,"tombstone:grave_dust":4,"simplyswords:iron_rapier":2,"minecraft:string":8,"minecraft:acacia_planks":1,"minecraft:dandelion":4,"packedup:basicbackpack":5,"minecraft:oak_trapdoor":1,"minecraft:soul_torch":9,"minecraft:tuff":8,"minecraft:raw_iron":26,"minecraft:chicken":2,"minecraft:iron_chestplate":2,"minecraft:andesite":22,"minecraft:oak_sapling":1,"minecraft:bow":4,"minecraft:raw_gold":17},"minecraft:mined":{"minecraft:large_amethyst_bud":1,"minecraft:oak_sapling":1,"irons_spellbooks:armor_pile":30,"minecraft:sculk_vein":120,"minecraft:obsidian":21,"minecraft:granite":33,"minecraft:budding_amethyst":2,"minecraft:acacia_log":191,"minecraft:grass_block":162,"minecraft:cracked_polished_blackstone_bricks":72,"minecraft:deepslate_bricks":22,"minecraft:deepslate_tile_stairs":2,"minecraft:hopper":1,"minecraft:gilded_blackstone":3,"minecraft:polished_blackstone_bricks":176,"minecraft:tall_seagrass":3,"minecraft:magma_block":20,"minecraft:sculk_catalyst":10,"minecraft:glowstone":47,"minecraft:iron_ore":148,"minecraft:cobbled_deepslate":22,"minecraft:fire":262,"minecraft:anvil":1,"minecraft:deepslate_lapis_ore":30,"minecraft:fletching_table":1,"minecraft:enchanting_table":1,"minecraft:twisting_vines":1,"minecraft:sculk_shrieker":21,"minecraft:pointed_dripstone":3,"minecraft:deepslate_brick_stairs":2,"minecraft:white_banner":1,"minecraft:orange_bed":1,"minecraft:deepslate_redstone_ore":40,"minecraft:blackstone":34,"minecraft:crimson_nylium":12,"minecraft:kelp_plant":1,"irons_spellbooks:alchemist_cauldron":1,"minecraft:amethyst_cluster":3,"minecraft:soul_lantern":2,"minecraft:clay":344,"minecraft:torch":37,"minecraft:calcite":4,"minecraft:melon":4,"minecraft:chest":2,"minecraft:nether_quartz_ore":270,"minecraft:cobblestone":24,"minecraft:oak_planks":3,"minecraft:sugar_cane":377,"minecraft:iron_door":1,"minecraft:wall_torch":25,"minecraft:amethyst_block":30,"minecraft:cauldron":1,"minecraft:seagrass":9,"minecraft:warped_nylium":1,"minecraft:wheat":210,"minecraft:warped_fungus":1,"minecraft:grass":57,"minecraft:oak_log":454,"minecraft:dirt":167,"minecraft:sand":12,"minecraft:smooth_basalt":6,"minecraft:ancient_debris":4,"minecraft:netherrack":1876,"minecraft:oak_leaves":51,"minecraft:deepslate":2321,"minecraft:redstone_lamp":2,"minecraft:nether_gold_ore":9,"minecraft:crying_obsidian":11,"minecraft:tuff":173,"minecraft:deepslate_diamond_ore":115,"minecraft:glow_lichen":1,"minecraft:acacia_slab":6,"minecraft:kelp":1,"minecraft:moss_block":1,"minecraft:hay_block":25,"minecraft:redstone_ore":5,"minecraft:oak_trapdoor":14,"minecraft:acacia_stairs":1,"minecraft:andesite":24,"minecraft:gold_block":36,"minecraft:polished_deepslate":1,"minecraft:bookshelf":57,"minecraft:shroomlight":1,"minecraft:deepslate_iron_ore":102,"minecraft:stripped_oak_log":1,"irons_spellbooks:inscription_table":1,"minecraft:stone":425,"minecraft:white_wool":2,"minecraft:redstone_wall_torch":1,"minecraft:oak_slab":1,"minecraft:acacia_leaves":19,"minecraft:glass_pane":3,"minecraft:soul_sand":9,"minecraft:basalt":56,"minecraft:oak_fence":2,"minecraft:crafting_table":14,"minecraft:emerald_ore":1,"minecraft:sculk_sensor":64,"minecraft:campfire":1,"minecraft:lectern":114,"minecraft:copper_ore":4,"minecraft:tall_grass":15,"minecraft:lapis_ore":6,"minecraft:deepslate_gold_ore":145,"minecraft:sculk":2941,"minecraft:diorite":22,"minecraft:birch_leaves":1,"minecraft:coal_ore":276,"minecraft:gravel":65,"minecraft:cobweb":25,"minecraft:acacia_planks":31,"minecraft:gold_ore":3}},"DataVersion":3465}