{"stats":{"minecraft:mined":{"minecraft:large_amethyst_bud":1,"minecraft:oak_sapling":1,"minecraft:obsidian":17,"minecraft:granite":25,"minecraft:budding_amethyst":2,"minecraft:acacia_log":189,"minecraft:grass_block":143,"minecraft:deepslate_bricks":20,"minecraft:hopper":1,"minecraft:tall_seagrass":1,"minecraft:magma_block":8,"minecraft:glowstone":20,"minecraft:iron_ore":82,"minecraft:cobbled_deepslate":18,"minecraft:fire":227,"minecraft:fletching_table":1,"minecraft:deepslate_lapis_ore":30,"minecraft:enchanting_table":1,"minecraft:pointed_dripstone":3,"minecraft:deepslate_brick_stairs":2,"minecraft:orange_bed":1,"minecraft:deepslate_redstone_ore":40,"minecraft:blackstone":15,"minecraft:amethyst_cluster":3,"minecraft:clay":117,"minecraft:torch":23,"minecraft:calcite":4,"minecraft:melon":3,"minecraft:nether_quartz_ore":190,"minecraft:cobblestone":4,"minecraft:sugar_cane":304,"minecraft:oak_planks":1,"minecraft:wall_torch":16,"minecraft:amethyst_block":30,"minecraft:seagrass":4,"minecraft:wheat":162,"minecraft:warped_fungus":1,"minecraft:grass":42,"minecraft:oak_log":301,"minecraft:sand":3,"minecraft:dirt":160,"minecraft:smooth_basalt":6,"minecraft:netherrack":1225,"minecraft:ancient_debris":4,"minecraft:oak_leaves":32,"minecraft:deepslate":2130,"minecraft:nether_gold_ore":7,"minecraft:crying_obsidian":11,"minecraft:tuff":165,"minecraft:deepslate_diamond_ore":87,"minecraft:glow_lichen":1,"minecraft:acacia_slab":6,"minecraft:moss_block":1,"minecraft:kelp":1,"minecraft:hay_block":25,"minecraft:redstone_ore":5,"minecraft:oak_trapdoor":13,"minecraft:acacia_stairs":1,"minecraft:andesite":21,"minecraft:gold_block":1,"minecraft:polished_deepslate":1,"minecraft:bookshelf":2,"minecraft:deepslate_iron_ore":99,"minecraft:shroomlight":1,"irons_spellbooks:inscription_table":1,"minecraft:stone":310,"minecraft:acacia_leaves":19,"minecraft:oak_fence":2,"minecraft:crafting_table":13,"minecraft:emerald_ore":1,"minecraft:lectern":114,"minecraft:tall_grass":10,"minecraft:copper_ore":4,"minecraft:lapis_ore":6,"minecraft:deepslate_gold_ore":141,"minecraft:diorite":22,"minecraft:coal_ore":150,"minecraft:gravel":64,"minecraft:cobweb":24,"minecraft:acacia_planks":31,"minecraft:gold_ore":3},"minecraft:custom":{"minecraft:animals_bred":10,"minecraft:interact_with_crafting_table":157,"minecraft:open_barrel":13,"minecraft:bell_ring":8,"minecraft:leave_game":9,"minecraft:time_since_death":566425,"minecraft:sprint_one_cm":1168698,"minecraft:drop":89,"minecraft:talked_to_villager":222,"minecraft:play_time":814543,"minecraft:deaths":5,"minecraft:jump":10550,"minecraft:walk_on_water_one_cm":147588,"minecraft:interact_with_furnace":171,"minecraft:traded_with_villager":131,"minecraft:interact_with_cartography_table":1,"minecraft:sleep_in_bed":27,"minecraft:damage_dealt":52126,"minecraft:crouch_one_cm":148974,"tombstone:undead_killed":164,"tombstone:villager_killed":1,"minecraft:interact_with_smithing_table":1,"minecraft:mob_kills":306,"minecraft:interact_with_anvil":1,"minecraft:inspect_hopper":2,"minecraft:climb_one_cm":2413,"minecraft:walk_one_cm":2853304,"minecraft:sneak_time":43467,"minecraft:walk_under_water_one_cm":126246,"minecraft:boat_one_cm":78165,"minecraft:interact_with_blast_furnace":1,"minecraft:total_world_time":814543,"tombstone:raider_killed":2,"minecraft:time_since_rest":13382,"minecraft:damage_taken":8981,"minecraft:swim_one_cm":163612,"minecraft:fly_one_cm":1764976,"minecraft:open_chest":159,"minecraft:fall_one_cm":253270},"minecraft:picked_up":{"minecraft:iron_chestplate":2,"minecraft:wheat":162,"packedup:basicbackpack":3,"simplyswords:iron_rapier":2,"minecraft:amethyst_block":29,"minecraft:polished_deepslate":1,"minecraft:string":44,"minecraft:raw_copper":20,"minecraft:shroomlight":1,"irons_spellbooks:arcane_essence":6,"minecraft:gold_nugget":29,"minecraft:cobbled_deepslate":1713,"minecraft:calcite":4,"minecraft:melon_slice":15,"irons_spellbooks:inscription_table":1,"minecraft:stick":23,"minecraft:oak_fence":4,"minecraft:torch":39,"minecraft:acacia_log":187,"minecraft:porkchop":26,"minecraft:pointed_dripstone":9,"tombstone:grave_dust":29,"minecraft:diorite":22,"minecraft:orange_bed":1,"minecraft:rotten_flesh":87,"minecraft:tropical_fish":1,"minecraft:deepslate_brick_stairs":2,"minecraft:obsidian":16,"minecraft:cobblestone":318,"minecraft:enchanting_table":1,"minecraft:feather":17,"minecraft:andesite":33,"minecraft:flint":2,"minecraft:tuff":148,"minecraft:lapis_lazuli":247,"minecraft:dirt":336,"minecraft:bone":50,"minecraft:acacia_planks":32,"minecraft:bow":5,"minecraft:wheat_seeds":459,"minecraft:raw_gold":154,"minecraft:fletching_table":1,"minecraft:glowstone_dust":120,"minecraft:moss_block":1,"minecraft:oak_planks":76,"minecraft:oak_pressure_plate":2,"minecraft:sand":3,"minecraft:acacia_stairs":1,"minecraft:grass_block":1,"minecraft:bundle":4,"minecraft:yellow_carpet":1,"minecraft:diamond":118,"minecraft:granite":25,"minecraft:bread":3,"minecraft:emerald":1,"minecraft:oak_sapling":38,"minecraft:netherrack":1234,"minecraft:crafting_table":13,"minecraft:chicken":15,"minecraft:clay_ball":480,"minecraft:gold_block":1,"minecraft:oak_trapdoor":14,"minecraft:blackstone":2,"minecraft:beef":65,"minecraft:light_gray_wool":2,"minecraft:lectern":114,"minecraft:sugar_cane":407,"minecraft:egg":13,"minecraft:raw_iron":180,"minecraft:carrot":1,"minecraft:redstone":227,"minecraft:arrow":53,"minecraft:deepslate_bricks":18,"minecraft:hay_block":25,"tombstone:essence_of_undeath":1,"minecraft:mutton":19,"minecraft:white_wool":33,"minecraft:oxeye_daisy":1,"minecraft:glow_ink_sac":8,"minecraft:leather":34,"minecraft:oak_log":301,"minecraft:ancient_debris":4,"minecraft:gunpowder":17,"minecraft:apple":4,"minecraft:kelp":2,"minecraft:iron_ingot":13,"tombstone:bag_of_seeds":4,"minecraft:glass_bottle":3,"minecraft:acacia_sapling":16,"minecraft:book":6,"minecraft:smooth_basalt":5,"minecraft:warped_fungus":1,"minecraft:quartz":262,"minecraft:dandelion":4,"minecraft:gravel":15,"minecraft:amethyst_shard":12,"minecraft:crying_obsidian":10,"minecraft:spider_eye":2,"tombstone:magic_scroll":2,"minecraft:acacia_slab":7,"minecraft:coal":152,"minecraft:hopper":1,"minecraft:ender_pearl":3},"minecraft:killed_by":{"minecraft:zombie":1,"minecraft:enderman":2,"minecraft:skeleton":1},"minecraft:crafted":{"minecraft:oak_planks":1132,"minecraft:cooked_chicken":15,"minecraft:stone":35,"minecraft:bookshelf":2,"minecraft:cooked_mutton":15,"minecraft:deepslate_brick_stairs":8,"minecraft:quartz_block":29,"minecraft:glass":19,"minecraft:hopper":1,"minecraft:diamond_helmet":1,"minecraft:diamond_leggings":1,"minecraft:iron_boots":2,"minecraft:chest":12,"packedup:basicbackpack":3,"minecraft:deepslate":1,"minecraft:wooden_shovel":1,"minecraft:emerald":128,"minecraft:cooked_porkchop":30,"packedup:diamondbackpack":1,"minecraft:crafting_table":20,"simplyswords:iron_claymore":1,"minecraft:acacia_slab":18,"minecraft:wooden_pickaxe":1,"minecraft:iron_helmet":2,"minecraft:smithing_table":1,"minecraft:copper_ingot":30,"minecraft:lectern":2,"minecraft:iron_chestplate":1,"minecraft:book":5,"minecraft:paper":210,"minecraft:diamond_pickaxe":1,"minecraft:stick":2736,"minecraft:iron_ingot":177,"minecraft:iron_pickaxe":8,"minecraft:stone_sword":2,"minecraft:gold_ingot":93,"minecraft:netherite_ingot":1,"minecraft:deepslate_bricks":632,"minecraft:shears":1,"minecraft:stone_shovel":6,"minecraft:iron_nugget":18,"minecraft:furnace":8,"minecraft:bone_meal":21,"minecraft:oak_trapdoor":2,"minecraft:flint_and_steel":1,"irons_spellbooks:scroll_forge":1,"minecraft:polished_deepslate":696,"minecraft:stone_pickaxe":15,"simplyswords:iron_rapier":5,"minecraft:diamond_boots":1,"minecraft:netherite_scrap":4,"packedup:copperbackpack":1,"minecraft:wheat":225,"minecraft:cooked_beef":49,"minecraft:enchanting_table":1,"simplyswords:iron_halberd":1,"minecraft:bucket":1,"minecraft:stone_axe":5,"minecraft:enchanted_book":3,"minecraft:acacia_boat":1,"minecraft:bread":83,"minecraft:air":0,"minecraft:golden_apple":1,"minecraft:iron_leggings":2,"minecraft:white_bed":10,"minecraft:acacia_planks":732,"packedup:goldbackpack":1,"minecraft:torch":100,"minecraft:diamond_chestplate":1},"minecraft:used":{"irons_spellbooks:inscription_table":1,"minecraft:polished_deepslate":1,"minecraft:chest":8,"minecraft:rotten_flesh":29,"minecraft:iron_chestplate":1,"minecraft:carrot":1,"minecraft:acacia_sapling":15,"minecraft:tuff":7,"minecraft:obsidian":12,"minecraft:oak_sapling":37,"minecraft:furnace":8,"minecraft:diorite":9,"simplyswords:iron_rapier":481,"minecraft:stone_pickaxe":1969,"minecraft:wooden_pickaxe":8,"minecraft:sugar_cane":81,"minecraft:deepslate_brick_stairs":7,"minecraft:melon_slice":3,"minecraft:bread":38,"minecraft:lectern":116,"minecraft:deepslate":1,"minecraft:gravel":6,"minecraft:smithing_table":1,"minecraft:andesite":6,"minecraft:oak_fence":1,"minecraft:oak_trapdoor":14,"minecraft:enchanting_table":2,"simplyswords:iron_claymore":250,"minecraft:stone_sword":161,"minecraft:acacia_log":4,"minecraft:flint_and_steel":1,"minecraft:stone_shovel":537,"minecraft:wooden_shovel":61,"minecraft:cooked_chicken":15,"minecraft:netherrack":141,"minecraft:orange_bed":1,"minecraft:torch":126,"minecraft:dirt":261,"minecraft:hopper":2,"simplyswords:diamond_longsword":138,"minecraft:granite":7,"minecraft:shroomlight":1,"minecraft:acacia_slab":12,"minecraft:iron_boots":1,"minecraft:smooth_basalt":1,"minecraft:light_gray_wool":1,"tombstone:gift":8,"minecraft:cooked_beef":31,"minecraft:acacia_planks":273,"minecraft:cobbled_deepslate":262,"minecraft:iron_leggings":1,"minecraft:wheat_seeds":172,"minecraft:cooked_mutton":4,"tombstone:scroll_of_mercy":2,"minecraft:acacia_boat":1,"minecraft:water_bucket":58,"minecraft:fletching_table":1,"minecraft:deepslate_bricks":492,"minecraft:crafting_table":33,"minecraft:white_bed":10,"tombstone:bag_of_seeds":2,"minecraft:diamond_pickaxe":511,"minecraft:acacia_stairs":1,"minecraft:iron_pickaxe":2488,"minecraft:stone_axe":632,"irons_spellbooks:scroll_forge":1,"minecraft:cobblestone":74,"minecraft:potion":1,"minecraft:porkchop":2,"minecraft:cooked_porkchop":28,"minecraft:bucket":59},"minecraft:killed":{"minecraft:witch":2,"minecraft:spider":24,"minecraft:skeleton":56,"minecraft:chicken":15,"irons_spellbooks:summoned_skeleton":6,"minecraft:pig":15,"minecraft:zombie_villager":2,"irons_spellbooks:necromancer":4,"minecraft:creeper":18,"minecraft:sheep":11,"minecraft:zombie":91,"minecraft:cow":36,"irons_spellbooks:summoned_zombie":4,"minecraft:drowned":1,"minecraft:bat":2,"minecraft:villager":1,"minecraft:enderman":10},"minecraft:broken":{"minecraft:wooden_shovel":1,"minecraft:stone_pickaxe":15,"simplyswords:iron_claymore":1,"minecraft:stone_axe":4,"minecraft:stone_shovel":3,"minecraft:stone_sword":1,"minecraft:iron_pickaxe":9},"minecraft:dropped":{"minecraft:oak_pressure_plate":2,"minecraft:cooked_beef":10,"minecraft:glass_bottle":2,"minecraft:diamond":30,"minecraft:leather":5,"minecraft:emerald":18,"minecraft:dirt":1,"minecraft:iron_pickaxe":1,"minecraft:white_wool":1,"minecraft:bone":1,"minecraft:gravel":5,"minecraft:cobbled_deepslate":24,"minecraft:rotten_flesh":41,"minecraft:oak_planks":9,"minecraft:gunpowder":3,"minecraft:acacia_slab":2,"minecraft:netherrack":326,"minecraft:egg":4,"minecraft:iron_ingot":38,"minecraft:bread":48,"minecraft:wheat_seeds":5,"minecraft:oak_fence":2,"minecraft:cobblestone":2,"minecraft:granite":18,"minecraft:coal":48,"minecraft:yellow_carpet":1,"minecraft:stick":1,"minecraft:oxeye_daisy":1,"minecraft:deepslate_brick_stairs":3,"minecraft:torch":5,"simplyswords:iron_rapier":1,"minecraft:string":2,"minecraft:acacia_planks":1,"minecraft:dandelion":4,"packedup:basicbackpack":5,"minecraft:oak_trapdoor":1,"minecraft:tuff":8,"minecraft:raw_iron":26,"minecraft:iron_chestplate":2,"minecraft:andesite":22,"minecraft:oak_sapling":1,"minecraft:bow":2,"minecraft:raw_gold":17}},"DataVersion":3465}