{"stats":{"minecraft:crafted":{"minecraft:oak_planks":1564,"irons_spellbooks:holy_rune":1,"minecraft:blaze_powder":8,"irons_spellbooks:iron_spell_book":1,"minecraft:chain":3,"minecraft:cooked_chicken":26,"minecraft:stone":75,"minecraft:diamond_shovel":1,"irons_spellbooks:divine_pearl":11,"minecraft:bookshelf":2,"irons_spellbooks:alchemist_cauldron":1,"minecraft:cooked_mutton":44,"minecraft:deepslate_brick_stairs":8,"minecraft:quartz_block":45,"minecraft:glass":25,"minecraft:hopper":1,"minecraft:diamond_helmet":5,"minecraft:diamond_leggings":1,"minecraft:iron_boots":2,"minecraft:netherite_boots":1,"simplyswords:diamond_longsword":1,"minecraft:chest":22,"minecraft:oak_button":4,"minecraft:iron_door":3,"packedup:basicbackpack":3,"minecraft:netherite_upgrade_smithing_template":8,"minecraft:stone_hoe":2,"minecraft:glass_bottle":6,"minecraft:deepslate":1,"minecraft:wooden_shovel":1,"minecraft:emerald":357,"minecraft:cauldron":1,"minecraft:cooked_porkchop":134,"packedup:diamondbackpack":1,"minecraft:crafting_table":21,"simplyswords:iron_claymore":1,"minecraft:acacia_slab":18,"minecraft:wooden_pickaxe":1,"minecraft:iron_helmet":2,"tombstone:decorative_grave_simple":1,"minecraft:smithing_table":1,"minecraft:copper_ingot":54,"minecraft:campfire":2,"irons_spellbooks:arcane_anvil":1,"minecraft:lectern":2,"minecraft:iron_chestplate":1,"simplyswords:runic_longsword":1,"minecraft:book":7,"minecraft:paper":210,"minecraft:diamond_pickaxe":1,"minecraft:stick":3962,"minecraft:iron_ingot":369,"minecraft:iron_pickaxe":8,"minecraft:iron_block":7,"minecraft:stone_sword":2,"minecraft:gold_ingot":128,"irons_spellbooks:mana_ring":3,"minecraft:netherite_ingot":4,"irons_spellbooks:amethyst_resonance_charm":1,"minecraft:deepslate_bricks":636,"irons_spellbooks:magic_cloth":13,"minecraft:shears":1,"irons_spellbooks:arcane_ingot":12,"tombstone:book_of_disenchantment":2,"minecraft:stone_shovel":7,"irons_spellbooks:eldritch_manuscript":2,"minecraft:iron_nugget":18,"minecraft:furnace":8,"minecraft:bone_meal":24,"irons_spellbooks:wayward_compass":1,"minecraft:oak_trapdoor":2,"minecraft:flint_and_steel":1,"irons_spellbooks:scroll_forge":1,"minecraft:netherite_leggings":1,"minecraft:polished_deepslate":700,"minecraft:iron_axe":1,"simplyswords:netherite_longsword":1,"minecraft:stone_pickaxe":15,"simplyswords:iron_rapier":8,"irons_spellbooks:netherite_spell_book":1,"minecraft:diamond_boots":1,"minecraft:redstone_block":14,"minecraft:netherite_scrap":6,"minecraft:golden_helmet":1,"irons_spellbooks:gold_spell_book":1,"packedup:copperbackpack":1,"minecraft:wheat":225,"minecraft:cooked_beef":80,"minecraft:cooked_cod":5,"irons_spellbooks:keeper_flamberge":1,"minecraft:netherite_pickaxe":1,"minecraft:enchanting_table":1,"simplyswords:iron_halberd":1,"tombstone:ankh_of_pray":1,"minecraft:bucket":3,"irons_spellbooks:priest_helmet":1,"minecraft:stone_axe":6,"minecraft:enchanted_book":10,"minecraft:air":0,"minecraft:acacia_boat":1,"minecraft:bread":119,"packedup:obsidianbackpack":1,"minecraft:golden_apple":1,"tombstone:dark_marble":3,"minecraft:iron_shovel":1,"minecraft:iron_leggings":2,"minecraft:stonecutter":1,"minecraft:anvil":3,"minecraft:white_bed":10,"minecraft:acacia_planks":1028,"packedup:goldbackpack":1,"minecraft:torch":156,"irons_spellbooks:diamond_spell_book":1,"minecraft:diamond_chestplate":1},"minecraft:killed_by":{"minecraft:zombified_piglin":1,"minecraft:piglin_brute":4,"minecraft:piglin":1,"minecraft:zombie":2,"minecraft:enderman":2,"minecraft:warden":15,"irons_spellbooks:dead_king":1,"minecraft:skeleton":1},"minecraft:picked_up":{"irons_spellbooks:scroll":7,"minecraft:chiseled_deepslate":1,"minecraft:iron_chestplate":2,"minecraft:wheat":279,"minecraft:anvil":1,"minecraft:nether_brick_fence":1,"minecraft:prismarine_shard":16,"packedup:basicbackpack":3,"minecraft:gilded_blackstone":3,"simplyswords:iron_rapier":4,"minecraft:golden_sword":2,"minecraft:amethyst_block":29,"minecraft:polished_deepslate":1,"minecraft:string":52,"minecraft:raw_copper":20,"minecraft:shroomlight":1,"irons_spellbooks:arcane_essence":79,"minecraft:red_sand":1,"minecraft:gold_nugget":268,"minecraft:cobbled_deepslate":2038,"minecraft:bucket":2,"minecraft:redstone_torch":1,"minecraft:calcite":13,"minecraft:melon_slice":22,"irons_spellbooks:inscription_table":1,"minecraft:golden_helmet":1,"minecraft:stick":43,"minecraft:oak_fence":4,"minecraft:torch":61,"minecraft:acacia_log":261,"minecraft:porkchop":113,"minecraft:golden_axe":3,"tombstone:grave_dust":117,"minecraft:pointed_dripstone":9,"minecraft:diorite":31,"minecraft:deepslate_tile_stairs":2,"minecraft:cauldron":1,"minecraft:orange_bed":1,"minecraft:rotten_flesh":267,"minecraft:tropical_fish":3,"minecraft:blaze_rod":10,"minecraft:deepslate_brick_stairs":2,"irons_spellbooks:magic_cloth":1,"minecraft:obsidian":20,"minecraft:cod":5,"minecraft:cobblestone":588,"minecraft:enchanting_table":1,"minecraft:magma_block":2,"minecraft:feather":24,"minecraft:cooked_beef":7,"minecraft:iron_door":2,"minecraft:andesite":45,"minecraft:brown_wool":1,"simplyswords:netherite_longsword":1,"minecraft:flint":2,"minecraft:tuff":266,"irons_spellbooks:keeper_flamberge":2,"minecraft:lapis_lazuli":247,"minecraft:dirt":431,"irons_spellbooks:hogskin":10,"minecraft:bone":93,"minecraft:acacia_planks":34,"minecraft:bow":8,"minecraft:wheat_seeds":786,"minecraft:raw_gold":163,"minecraft:fletching_table":1,"minecraft:glowstone_dust":211,"minecraft:moss_block":1,"minecraft:oak_planks":82,"minecraft:cooked_porkchop":26,"irons_spellbooks:legendary_ink":2,"minecraft:oak_pressure_plate":2,"minecraft:sand":24,"minecraft:grass_block":3,"minecraft:acacia_stairs":1,"minecraft:mossy_cobblestone":1,"minecraft:bundle":6,"minecraft:yellow_carpet":1,"minecraft:diamond":204,"minecraft:soul_lantern":4,"minecraft:crossbow":3,"minecraft:cracked_polished_blackstone_bricks":93,"minecraft:granite":33,"minecraft:bone_meal":1,"minecraft:crimson_roots":1,"irons_spellbooks:tarnished_helmet":1,"minecraft:emerald":3,"minecraft:bread":3,"minecraft:oak_sapling":46,"minecraft:netherrack":1868,"minecraft:charcoal":2,"minecraft:crafting_table":13,"minecraft:chicken":34,"minecraft:nether_wart":25,"minecraft:clay_ball":2428,"minecraft:redstone_lamp":2,"minecraft:brown_mushroom":2,"minecraft:pink_wool":1,"minecraft:gold_block":50,"simplyswords:runic_longsword":1,"minecraft:oak_trapdoor":15,"minecraft:netherite_scrap":10,"minecraft:blackstone":38,"minecraft:beef":95,"minecraft:iron_nugget":710,"minecraft:poppy":1,"minecraft:light_gray_wool":2,"minecraft:lectern":114,"minecraft:sugar_cane":548,"minecraft:chest":3,"minecraft:birch_sapling":2,"minecraft:egg":17,"minecraft:raw_iron":300,"minecraft:sandstone":48,"minecraft:polished_blackstone_bricks":162,"minecraft:carrot":6,"minecraft:redstone":229,"minecraft:prismarine_crystals":5,"irons_spellbooks:alchemist_cauldron":2,"irons_spellbooks:evocation_rune":1,"irons_spellbooks:gold_spell_book":1,"minecraft:arrow":75,"minecraft:weeping_vines":1,"minecraft:nether_bricks":4,"minecraft:deepslate_bricks":20,"minecraft:hay_block":25,"minecraft:gold_ingot":2,"minecraft:saddle":1,"tombstone:essence_of_undeath":1,"minecraft:totem_of_undying":1,"minecraft:oxeye_daisy":1,"minecraft:mutton":63,"minecraft:bone_block":106,"irons_spellbooks:ancient_knowledge_fragment":1,"minecraft:rail":1,"minecraft:white_wool":64,"minecraft:wet_sponge":1,"minecraft:stripped_oak_log":1,"minecraft:basalt":56,"minecraft:glow_ink_sac":8,"minecraft:leather":63,"irons_spellbooks:netherite_spell_book":1,"minecraft:crimson_fungus":1,"minecraft:oak_log":455,"minecraft:ancient_debris":4,"minecraft:nether_wart_block":2,"minecraft:gunpowder":38,"minecraft:white_banner":2,"irons_spellbooks:rare_ink":1,"minecraft:cooked_mutton":1,"minecraft:stone_bricks":2,"minecraft:apple":4,"minecraft:kelp":18,"minecraft:iron_ingot":17,"tombstone:bag_of_seeds":9,"minecraft:glass_bottle":10,"irons_spellbooks:cinder_essence":35,"minecraft:acacia_sapling":24,"minecraft:soul_sand":19,"minecraft:book":183,"minecraft:sculk_catalyst":2,"minecraft:scaffolding":18,"minecraft:oak_slab":2,"minecraft:smooth_basalt":5,"minecraft:warped_fungus":1,"minecraft:quartz":419,"minecraft:dandelion":4,"minecraft:gravel":27,"minecraft:amethyst_shard":12,"minecraft:soul_torch":15,"minecraft:crying_obsidian":10,"minecraft:spider_eye":5,"minecraft:tide_armor_trim_smithing_template":1,"minecraft:light_blue_carpet":1,"minecraft:baked_potato":1,"tombstone:magic_scroll":6,"minecraft:acacia_slab":9,"minecraft:black_wool":3,"minecraft:coal":371,"minecraft:hopper":1,"minecraft:ender_pearl":4},"minecraft:used":{"irons_spellbooks:inscription_table":1,"minecraft:iron_shovel":252,"minecraft:polished_deepslate":1,"minecraft:diamond_hoe":6753,"minecraft:chest":21,"minecraft:nether_wart":10,"minecraft:rotten_flesh":50,"minecraft:iron_chestplate":1,"minecraft:soul_sand":10,"minecraft:nether_bricks":2,"minecraft:carrot":1,"minecraft:acacia_sapling":23,"minecraft:tuff":7,"minecraft:weeping_vines":1,"minecraft:obsidian":12,"tombstone:decorative_grave_simple":1,"minecraft:grass_block":2,"minecraft:netherite_boots":3,"minecraft:redstone_lamp":2,"minecraft:magma_block":2,"minecraft:scaffolding":18,"minecraft:oak_sapling":44,"minecraft:furnace":8,"minecraft:cooked_cod":2,"minecraft:potato":1,"minecraft:golden_boots":15,"minecraft:diorite":16,"minecraft:diamond_boots":15,"minecraft:oak_planks":30,"minecraft:stone_pickaxe":1969,"simplyswords:iron_rapier":519,"minecraft:ender_pearl":1,"minecraft:wooden_pickaxe":8,"minecraft:sugar_cane":98,"minecraft:glow_berries":10,"minecraft:golden_apple":2,"minecraft:white_wool":1,"minecraft:sand":3,"minecraft:netherite_leggings":1,"minecraft:crossbow":1,"minecraft:shears":1,"minecraft:deepslate_brick_stairs":7,"minecraft:melon_slice":10,"minecraft:bread":74,"minecraft:lectern":116,"minecraft:iron_door":3,"minecraft:deepslate":1,"minecraft:gravel":6,"minecraft:golden_helmet":1,"minecraft:soul_lantern":2,"minecraft:nether_wart_block":2,"tombstone:familiar_stone":3,"minecraft:smithing_table":1,"minecraft:andesite":9,"minecraft:oak_fence":1,"minecraft:experience_bottle":8,"minecraft:oak_trapdoor":15,"minecraft:stone_sword":161,"simplyswords:iron_claymore":250,"minecraft:acacia_log":4,"minecraft:flint_and_steel":1,"minecraft:enchanting_table":2,"minecraft:stone_shovel":738,"minecraft:sculk":20,"minecraft:wooden_shovel":61,"minecraft:stone_hoe":186,"minecraft:cooked_chicken":22,"minecraft:netherrack":621,"minecraft:orange_bed":1,"minecraft:torch":204,"minecraft:dirt":351,"minecraft:anvil":2,"minecraft:hopper":2,"simplyswords:diamond_longsword":857,"minecraft:granite":13,"minecraft:shroomlight":1,"tombstone:ankh_of_pray":17,"minecraft:iron_axe":191,"minecraft:acacia_slab":12,"simplyswords:netherite_longsword":291,"minecraft:iron_boots":1,"minecraft:smooth_basalt":1,"simplyswords:runic_longsword":364,"minecraft:light_gray_wool":1,"minecraft:basalt":56,"tombstone:gift":19,"minecraft:goat_horn":2,"minecraft:netherite_pickaxe":2775,"minecraft:cooked_beef":49,"minecraft:cobbled_deepslate":323,"minecraft:iron_leggings":1,"minecraft:acacia_planks":274,"minecraft:wheat_seeds":295,"minecraft:cooked_mutton":17,"tombstone:scroll_of_mercy":2,"minecraft:water_bucket":78,"minecraft:acacia_boat":1,"tombstone:scroll_of_knowledge":3,"minecraft:netherite_chestplate":1,"minecraft:baked_potato":5,"minecraft:cauldron":1,"minecraft:fletching_table":1,"minecraft:stonecutter":1,"minecraft:deepslate_bricks":516,"minecraft:polished_blackstone_bricks":23,"minecraft:gilded_blackstone":1,"minecraft:crafting_table":34,"minecraft:white_bed":10,"minecraft:campfire":2,"tombstone:tablet_of_home":2,"tombstone:bag_of_seeds":4,"irons_spellbooks:alchemist_cauldron":3,"minecraft:oak_log":4,"minecraft:acacia_stairs":1,"minecraft:diamond_pickaxe":1162,"minecraft:diamond_shovel":151,"minecraft:cracked_polished_blackstone_bricks":32,"minecraft:oak_button":4,"minecraft:iron_pickaxe":2488,"tombstone:magic_scroll":3,"minecraft:stone_axe":756,"irons_spellbooks:scroll_forge":1,"minecraft:cobblestone":260,"minecraft:potion":5,"minecraft:porkchop":2,"minecraft:white_banner":2,"minecraft:cooked_porkchop":123,"minecraft:bucket":82,"minecraft:stripped_oak_log":1,"irons_spellbooks:arcane_anvil":1,"minecraft:soul_torch":64},"minecraft:killed":{"minecraft:zombified_piglin":11,"minecraft:witch":3,"minecraft:spider":45,"minecraft:cod":2,"minecraft:skeleton":109,"minecraft:guardian":22,"minecraft:chicken":35,"irons_spellbooks:summoned_skeleton":17,"minecraft:piglin_brute":28,"minecraft:tropical_fish":12,"minecraft:cat":1,"minecraft:magma_cube":47,"minecraft:piglin":53,"minecraft:pig":34,"irons_spellbooks:dead_king":1,"minecraft:zombie_villager":2,"minecraft:elder_guardian":1,"irons_spellbooks:necromancer":15,"minecraft:creeper":37,"minecraft:sheep":42,"minecraft:pillager":4,"irons_spellbooks:summoned_vex":2,"minecraft:zombie":265,"minecraft:ghast":1,"minecraft:blaze":23,"minecraft:cow":54,"minecraft:evoker":2,"minecraft:vex":2,"irons_spellbooks:summoned_zombie":20,"minecraft:vindicator":6,"minecraft:horse":1,"minecraft:llama":3,"minecraft:drowned":5,"minecraft:warden":4,"minecraft:bat":3,"irons_spellbooks:citadel_keeper":28,"minecraft:hoglin":30,"minecraft:villager":1,"minecraft:enderman":15},"minecraft:custom":{"minecraft:animals_bred":18,"minecraft:interact_with_crafting_table":264,"minecraft:open_barrel":70,"minecraft:bell_ring":15,"minecraft:leave_game":28,"minecraft:time_since_death":59303,"minecraft:sprint_one_cm":3462033,"minecraft:drop":221,"minecraft:talked_to_villager":296,"minecraft:play_time":2132134,"minecraft:deaths":33,"minecraft:jump":25179,"minecraft:interact_with_brewingstand":5,"minecraft:enchant_item":5,"minecraft:walk_on_water_one_cm":293059,"tombstone:steal_effect":7,"minecraft:interact_with_furnace":296,"minecraft:traded_with_villager":367,"minecraft:interact_with_cartography_table":1,"minecraft:sleep_in_bed":57,"tombstone:sneak_grave":4,"minecraft:damage_dealt":171852,"minecraft:player_kills":1,"minecraft:crouch_one_cm":755739,"tombstone:undead_killed":444,"tombstone:villager_killed":1,"minecraft:horse_one_cm":1777484,"minecraft:interact_with_smithing_table":12,"minecraft:interact_with_anvil":33,"minecraft:mob_kills":1009,"minecraft:inspect_hopper":2,"minecraft:interact_with_campfire":12,"minecraft:damage_dealt_resisted":57,"minecraft:climb_one_cm":19971,"minecraft:walk_one_cm":6755513,"tombstone:consume_soul":1,"minecraft:sneak_time":185004,"minecraft:walk_under_water_one_cm":442840,"minecraft:boat_one_cm":78165,"minecraft:interact_with_lectern":1,"minecraft:interact_with_blast_furnace":1,"minecraft:total_world_time":2132134,"tombstone:raider_killed":15,"minecraft:interact_with_grindstone":1,"minecraft:interact_with_stonecutter":2,"tombstone:pray_on_grave":3,"minecraft:time_since_rest":10634,"minecraft:damage_taken":29909,"minecraft:damage_absorbed":13686,"minecraft:trigger_trapped_chest":2,"minecraft:swim_one_cm":496331,"minecraft:fly_one_cm":4651388,"minecraft:open_chest":1222,"minecraft:aviate_one_cm":355049,"minecraft:fall_one_cm":662219},"minecraft:broken":{"minecraft:golden_helmet":1,"minecraft:iron_shovel":1,"minecraft:wooden_shovel":1,"minecraft:stone_pickaxe":15,"simplyswords:iron_claymore":1,"minecraft:stone_axe":5,"minecraft:stone_shovel":4,"minecraft:stone_sword":1,"minecraft:stone_hoe":1,"minecraft:iron_pickaxe":9},"minecraft:dropped":{"minecraft:oak_pressure_plate":2,"minecraft:cooked_beef":34,"minecraft:oak_log":1,"minecraft:baked_potato":6,"minecraft:ender_pearl":3,"minecraft:glass_bottle":5,"minecraft:diamond":30,"minecraft:crossbow":2,"minecraft:cooked_porkchop":23,"minecraft:leather":5,"minecraft:rail":1,"minecraft:emerald":18,"minecraft:cracked_polished_blackstone_bricks":26,"minecraft:dirt":1,"simplyswords:netherite_longsword":1,"irons_spellbooks:hogskin":4,"minecraft:cooked_cod":3,"irons_spellbooks:epic_ink":1,"irons_spellbooks:gold_spell_book":1,"minecraft:bone_meal":3,"minecraft:sand":5,"minecraft:iron_pickaxe":1,"minecraft:white_wool":1,"minecraft:cooked_chicken":4,"minecraft:gold_ingot":2,"minecraft:bone":1,"minecraft:gravel":5,"minecraft:stone_axe":1,"minecraft:blackstone":1,"minecraft:cobbled_deepslate":53,"minecraft:obsidian":5,"minecraft:rotten_flesh":98,"minecraft:oak_planks":9,"minecraft:cooked_mutton":8,"minecraft:poppy":1,"minecraft:gunpowder":11,"irons_spellbooks:magic_cloth":3,"minecraft:charcoal":2,"minecraft:acacia_slab":2,"irons_spellbooks:divine_pearl":4,"minecraft:arrow":3,"minecraft:enchanted_book":1,"simplyswords:runic_longsword":1,"minecraft:quartz":22,"minecraft:netherrack":384,"irons_spellbooks:poisonward_ring":1,"minecraft:egg":4,"minecraft:water_bucket":1,"minecraft:iron_ingot":46,"minecraft:bread":55,"minecraft:wheat_seeds":9,"minecraft:diamond_leggings":1,"minecraft:netherite_helmet":1,"minecraft:oak_fence":2,"minecraft:feather":3,"minecraft:cobblestone":102,"minecraft:book":6,"minecraft:granite":20,"minecraft:coal":48,"minecraft:yellow_carpet":1,"minecraft:stick":5,"minecraft:oxeye_daisy":1,"irons_spellbooks:scroll":1,"minecraft:deepslate_brick_stairs":3,"minecraft:milk_bucket":1,"minecraft:diorite":9,"tombstone:magic_scroll":1,"minecraft:torch":11,"minecraft:diamond_helmet":1,"tombstone:grave_dust":4,"simplyswords:iron_rapier":2,"minecraft:string":8,"minecraft:acacia_planks":1,"minecraft:dandelion":4,"packedup:basicbackpack":5,"minecraft:oak_trapdoor":1,"minecraft:soul_torch":33,"minecraft:tuff":56,"minecraft:diamond_hoe":1,"minecraft:raw_iron":26,"minecraft:experience_bottle":16,"minecraft:chicken":5,"minecraft:deepslate_bricks":3,"minecraft:shield":1,"minecraft:iron_chestplate":2,"minecraft:andesite":30,"irons_spellbooks:mana_ring":1,"minecraft:oak_sapling":1,"minecraft:stone_bricks":2,"minecraft:sandstone":36,"irons_spellbooks:iron_spell_book":1,"minecraft:bow":5,"minecraft:red_sand":1,"minecraft:raw_gold":17,"minecraft:calcite":6,"minecraft:black_wool":2},"minecraft:mined":{"minecraft:large_amethyst_bud":1,"minecraft:oak_sapling":1,"irons_spellbooks:armor_pile":30,"minecraft:sculk_vein":356,"minecraft:obsidian":21,"minecraft:granite":34,"minecraft:budding_amethyst":2,"minecraft:red_sand":1,"minecraft:acacia_log":264,"minecraft:grass_block":168,"minecraft:cracked_polished_blackstone_bricks":88,"minecraft:deepslate_bricks":22,"minecraft:deepslate_tile_stairs":2,"minecraft:hopper":1,"minecraft:nether_wart":25,"minecraft:gilded_blackstone":4,"minecraft:polished_blackstone_bricks":255,"minecraft:tall_seagrass":3,"minecraft:magma_block":20,"minecraft:sculk_catalyst":37,"minecraft:glowstone":47,"minecraft:iron_ore":148,"minecraft:fire":266,"minecraft:cobbled_deepslate":27,"minecraft:anvil":1,"minecraft:deepslate_lapis_ore":30,"minecraft:fletching_table":1,"minecraft:enchanting_table":1,"minecraft:twisting_vines":1,"minecraft:sculk_shrieker":40,"minecraft:pointed_dripstone":3,"minecraft:deepslate_brick_stairs":2,"minecraft:white_banner":1,"minecraft:orange_bed":1,"minecraft:deepslate_redstone_ore":40,"minecraft:soul_wall_torch":3,"minecraft:blackstone":52,"minecraft:crimson_nylium":22,"minecraft:kelp_plant":1,"irons_spellbooks:alchemist_cauldron":1,"minecraft:amethyst_cluster":3,"minecraft:soul_lantern":2,"minecraft:clay":611,"minecraft:torch":37,"minecraft:calcite":8,"minecraft:melon":4,"minecraft:chest":2,"minecraft:nether_quartz_ore":270,"minecraft:cobblestone":26,"minecraft:oak_planks":3,"minecraft:sugar_cane":377,"minecraft:iron_door":2,"minecraft:wall_torch":25,"minecraft:amethyst_block":30,"minecraft:cauldron":1,"minecraft:seagrass":11,"minecraft:warped_nylium":1,"minecraft:nether_wart_block":1,"minecraft:wheat":281,"minecraft:warped_fungus":1,"minecraft:grass":61,"minecraft:cracked_deepslate_tiles":1,"minecraft:oak_log":455,"minecraft:dirt":190,"minecraft:sand":20,"minecraft:smooth_basalt":6,"minecraft:ancient_debris":4,"minecraft:netherrack":1975,"minecraft:oak_leaves":51,"minecraft:deepslate":2938,"minecraft:redstone_lamp":2,"minecraft:nether_gold_ore":9,"minecraft:crying_obsidian":11,"minecraft:tuff":452,"minecraft:mossy_cobblestone":1,"minecraft:deepslate_diamond_ore":139,"minecraft:glow_lichen":1,"minecraft:nether_bricks":4,"minecraft:acacia_slab":6,"minecraft:kelp":1,"minecraft:moss_block":1,"minecraft:sandstone":12,"minecraft:hay_block":25,"minecraft:redstone_ore":5,"minecraft:oak_trapdoor":14,"minecraft:acacia_stairs":1,"minecraft:andesite":32,"minecraft:chiseled_deepslate":1,"minecraft:gold_block":52,"minecraft:nether_brick_fence":1,"minecraft:polished_deepslate":1,"minecraft:bookshelf":57,"minecraft:shroomlight":1,"minecraft:deepslate_iron_ore":104,"minecraft:stripped_oak_log":1,"irons_spellbooks:inscription_table":1,"minecraft:stone":528,"minecraft:redstone_wall_torch":1,"minecraft:bone_block":119,"minecraft:white_wool":2,"minecraft:oak_slab":1,"minecraft:acacia_leaves":31,"minecraft:scaffolding":5,"minecraft:glass_pane":3,"minecraft:soul_sand":19,"minecraft:soul_torch":2,"minecraft:basalt":57,"minecraft:oak_fence":2,"minecraft:crafting_table":14,"minecraft:emerald_ore":1,"minecraft:sculk_sensor":190,"minecraft:campfire":1,"minecraft:lectern":114,"minecraft:copper_ore":4,"minecraft:tall_grass":15,"minecraft:lapis_ore":6,"minecraft:deepslate_gold_ore":145,"minecraft:sculk":6509,"minecraft:diorite":31,"minecraft:birch_leaves":1,"minecraft:coal_ore":276,"minecraft:gravel":65,"minecraft:cobweb":28,"minecraft:cracked_stone_bricks":4,"minecraft:acacia_planks":31,"minecraft:stone_bricks":4,"minecraft:gold_ore":4}},"DataVersion":3465}