{"stats":{"minecraft:mined":{"minecraft:nether_gold_ore":7,"minecraft:large_amethyst_bud":1,"minecraft:tuff":6,"minecraft:deepslate_diamond_ore":29,"minecraft:obsidian":16,"minecraft:glow_lichen":1,"minecraft:granite":7,"minecraft:budding_amethyst":1,"minecraft:acacia_log":41,"minecraft:grass_block":114,"minecraft:hay_block":22,"minecraft:magma_block":7,"minecraft:redstone_ore":5,"minecraft:glowstone":20,"minecraft:iron_ore":79,"minecraft:cobbled_deepslate":12,"minecraft:andesite":4,"minecraft:deepslate_lapis_ore":17,"minecraft:polished_deepslate":1,"minecraft:pointed_dripstone":3,"minecraft:deepslate_iron_ore":52,"minecraft:stone":136,"minecraft:orange_bed":1,"minecraft:deepslate_redstone_ore":15,"minecraft:acacia_leaves":5,"minecraft:blackstone":2,"minecraft:amethyst_cluster":3,"minecraft:crafting_table":3,"minecraft:torch":15,"minecraft:nether_quartz_ore":79,"minecraft:tall_grass":2,"minecraft:copper_ore":4,"minecraft:lapis_ore":2,"minecraft:deepslate_gold_ore":54,"minecraft:sugar_cane":24,"minecraft:diorite":9,"minecraft:wall_torch":8,"minecraft:amethyst_block":24,"minecraft:grass":23,"minecraft:oak_log":23,"minecraft:coal_ore":67,"minecraft:gravel":11,"minecraft:dirt":118,"minecraft:acacia_planks":1,"minecraft:ancient_debris":1,"minecraft:netherrack":293,"minecraft:gold_ore":3,"minecraft:oak_leaves":1,"minecraft:deepslate":265},"minecraft:custom":{"minecraft:mob_kills":124,"minecraft:interact_with_crafting_table":56,"minecraft:bell_ring":8,"minecraft:leave_game":3,"minecraft:time_since_death":7669,"minecraft:sprint_one_cm":412609,"minecraft:walk_one_cm":894607,"minecraft:drop":21,"minecraft:talked_to_villager":11,"minecraft:play_time":255787,"minecraft:deaths":5,"minecraft:sneak_time":16159,"minecraft:walk_under_water_one_cm":41565,"minecraft:boat_one_cm":78165,"minecraft:jump":4347,"minecraft:walk_on_water_one_cm":76398,"minecraft:total_world_time":255787,"minecraft:interact_with_furnace":85,"tombstone:raider_killed":1,"minecraft:interact_with_cartography_table":1,"minecraft:sleep_in_bed":8,"minecraft:time_since_rest":2540,"minecraft:damage_taken":4396,"minecraft:damage_dealt":21546,"minecraft:swim_one_cm":63183,"minecraft:fly_one_cm":750132,"minecraft:open_chest":29,"minecraft:crouch_one_cm":50354,"tombstone:undead_killed":66,"minecraft:fall_one_cm":105074},"minecraft:picked_up":{"minecraft:crafting_table":3,"minecraft:chicken":5,"packedup:basicbackpack":3,"simplyswords:iron_rapier":1,"minecraft:amethyst_block":24,"minecraft:polished_deepslate":1,"minecraft:string":6,"minecraft:raw_copper":20,"minecraft:blackstone":2,"irons_spellbooks:arcane_essence":5,"minecraft:gold_nugget":29,"minecraft:cobbled_deepslate":273,"minecraft:beef":36,"minecraft:light_gray_wool":1,"minecraft:sugar_cane":62,"minecraft:egg":3,"minecraft:stick":7,"minecraft:raw_iron":132,"minecraft:torch":22,"minecraft:acacia_log":39,"minecraft:porkchop":14,"minecraft:pointed_dripstone":9,"tombstone:grave_dust":14,"minecraft:diorite":9,"minecraft:redstone":92,"minecraft:orange_bed":1,"minecraft:arrow":21,"minecraft:rotten_flesh":38,"minecraft:hay_block":22,"tombstone:essence_of_undeath":1,"minecraft:obsidian":16,"minecraft:mutton":8,"minecraft:cobblestone":143,"minecraft:white_wool":4,"minecraft:feather":6,"minecraft:andesite":8,"minecraft:leather":20,"minecraft:flint":1,"minecraft:tuff":7,"minecraft:oak_log":23,"minecraft:ancient_debris":1,"minecraft:gunpowder":3,"minecraft:lapis_lazuli":127,"minecraft:dirt":243,"minecraft:bone":20,"minecraft:acacia_planks":2,"minecraft:bow":1,"minecraft:wheat_seeds":15,"minecraft:raw_gold":56,"minecraft:iron_ingot":6,"tombstone:bag_of_seeds":2,"minecraft:glowstone_dust":120,"minecraft:acacia_sapling":4,"minecraft:quartz":79,"minecraft:gravel":3,"minecraft:amethyst_shard":12,"minecraft:diamond":29,"minecraft:granite":7,"minecraft:oak_sapling":1,"minecraft:netherrack":184,"minecraft:coal":69},"minecraft:killed_by":{"minecraft:enderman":2,"minecraft:skeleton":1,"minecraft:zombie":1},"minecraft:crafted":{"minecraft:oak_planks":92,"minecraft:stone_shovel":3,"minecraft:iron_nugget":18,"minecraft:cooked_chicken":5,"minecraft:furnace":7,"minecraft:bone_meal":21,"minecraft:cooked_mutton":4,"minecraft:flint_and_steel":1,"minecraft:iron_boots":1,"minecraft:polished_deepslate":56,"minecraft:stone_pickaxe":4,"simplyswords:iron_rapier":2,"minecraft:chest":6,"packedup:basicbackpack":3,"minecraft:netherite_scrap":1,"packedup:copperbackpack":1,"minecraft:wheat":198,"minecraft:cooked_beef":13,"minecraft:cooked_porkchop":11,"minecraft:crafting_table":10,"simplyswords:iron_claymore":1,"minecraft:wooden_pickaxe":1,"minecraft:iron_helmet":1,"simplyswords:iron_halberd":1,"minecraft:copper_ingot":20,"minecraft:bucket":1,"minecraft:stone_axe":1,"minecraft:acacia_boat":1,"minecraft:bread":67,"minecraft:air":0,"minecraft:iron_chestplate":1,"minecraft:diamond_pickaxe":1,"minecraft:stick":40,"minecraft:iron_ingot":117,"minecraft:iron_pickaxe":1,"minecraft:stone_sword":1,"minecraft:iron_leggings":1,"minecraft:gold_ingot":70,"minecraft:white_bed":1,"minecraft:acacia_planks":128,"packedup:goldbackpack":1,"minecraft:torch":40,"minecraft:deepslate_bricks":56},"minecraft:used":{"minecraft:stone_sword":90,"simplyswords:iron_claymore":250,"minecraft:acacia_log":3,"minecraft:polished_deepslate":1,"minecraft:flint_and_steel":1,"minecraft:stone_shovel":361,"minecraft:chest":3,"minecraft:cooked_chicken":5,"minecraft:rotten_flesh":15,"minecraft:netherrack":6,"minecraft:iron_chestplate":1,"minecraft:orange_bed":1,"minecraft:torch":62,"minecraft:dirt":169,"minecraft:acacia_sapling":4,"minecraft:tuff":5,"minecraft:granite":7,"minecraft:obsidian":12,"minecraft:iron_boots":1,"minecraft:light_gray_wool":1,"minecraft:oak_sapling":1,"minecraft:furnace":7,"tombstone:gift":8,"minecraft:cooked_beef":13,"minecraft:cobbled_deepslate":217,"minecraft:acacia_planks":101,"minecraft:iron_leggings":1,"minecraft:cooked_mutton":4,"minecraft:acacia_boat":1,"minecraft:water_bucket":21,"minecraft:diorite":9,"simplyswords:iron_rapier":39,"minecraft:stone_pickaxe":501,"minecraft:wooden_pickaxe":8,"minecraft:sugar_cane":43,"minecraft:deepslate_bricks":9,"minecraft:crafting_table":13,"minecraft:white_bed":1,"tombstone:bag_of_seeds":2,"minecraft:diamond_pickaxe":21,"minecraft:bread":25,"minecraft:iron_pickaxe":700,"minecraft:gravel":3,"minecraft:stone_axe":50,"minecraft:cobblestone":26,"minecraft:cooked_porkchop":2,"minecraft:andesite":6,"minecraft:bucket":22},"minecraft:killed":{"irons_spellbooks:summoned_zombie":1,"minecraft:witch":1,"minecraft:spider":7,"minecraft:skeleton":20,"minecraft:chicken":5,"minecraft:drowned":1,"irons_spellbooks:summoned_skeleton":3,"minecraft:pig":8,"irons_spellbooks:necromancer":2,"minecraft:creeper":5,"minecraft:sheep":5,"minecraft:zombie":39,"minecraft:cow":17,"minecraft:enderman":2},"minecraft:broken":{"minecraft:stone_pickaxe":3,"simplyswords:iron_claymore":1,"minecraft:iron_pickaxe":2,"minecraft:stone_shovel":2},"minecraft:dropped":{"minecraft:iron_ingot":29,"minecraft:bread":42,"minecraft:wheat_seeds":1,"minecraft:diamond":11,"minecraft:stick":1,"minecraft:iron_pickaxe":1,"minecraft:white_wool":1,"minecraft:acacia_planks":1,"packedup:basicbackpack":5,"minecraft:tuff":2,"minecraft:rotten_flesh":3,"minecraft:gunpowder":3,"minecraft:andesite":1,"minecraft:netherrack":5,"minecraft:egg":1}},"DataVersion":3465}