{"stats":{"minecraft:killed_by":{"minecraft:skeleton":1},"minecraft:mined":{"minecraft:grass":2,"minecraft:oak_log":6},"minecraft:picked_up":{"minecraft:oak_log":6},"minecraft:used":{"tombstone:gift":2},"minecraft:custom":{"minecraft:jump":51,"minecraft:time_since_rest":1228,"minecraft:walk_on_water_one_cm":61,"minecraft:deaths":1,"minecraft:damage_dealt":112,"minecraft:crouch_one_cm":35,"minecraft:leave_game":2,"minecraft:play_time":5709,"minecraft:sprint_one_cm":6454,"minecraft:damage_taken":270,"minecraft:time_since_death":2037,"minecraft:walk_one_cm":11531,"minecraft:sneak_time":7,"minecraft:total_world_time":5709,"minecraft:fly_one_cm":42156}},"DataVersion":3465}