{"stats":{"minecraft:mined":{"minecraft:large_amethyst_bud":1,"minecraft:tuff":6,"minecraft:deepslate_diamond_ore":29,"minecraft:obsidian":16,"minecraft:glow_lichen":1,"minecraft:granite":7,"minecraft:budding_amethyst":1,"minecraft:acacia_log":21,"minecraft:grass_block":3,"minecraft:hay_block":22,"minecraft:redstone_ore":5,"minecraft:iron_ore":79,"minecraft:cobbled_deepslate":10,"minecraft:andesite":4,"minecraft:deepslate_lapis_ore":17,"minecraft:pointed_dripstone":3,"minecraft:deepslate_iron_ore":52,"minecraft:stone":136,"minecraft:orange_bed":1,"minecraft:deepslate_redstone_ore":15,"minecraft:acacia_leaves":2,"minecraft:amethyst_cluster":3,"minecraft:crafting_table":2,"minecraft:torch":15,"minecraft:tall_grass":2,"minecraft:copper_ore":4,"minecraft:lapis_ore":2,"minecraft:deepslate_gold_ore":54,"minecraft:diorite":9,"minecraft:wall_torch":8,"minecraft:amethyst_block":24,"minecraft:grass":5,"minecraft:oak_log":23,"minecraft:coal_ore":67,"minecraft:gravel":2,"minecraft:dirt":2,"minecraft:gold_ore":3,"minecraft:oak_leaves":1,"minecraft:deepslate":265},"minecraft:custom":{"minecraft:mob_kills":105,"minecraft:interact_with_crafting_table":35,"minecraft:bell_ring":8,"minecraft:leave_game":2,"minecraft:time_since_death":22446,"minecraft:sprint_one_cm":235351,"minecraft:walk_one_cm":638095,"minecraft:drop":12,"minecraft:talked_to_villager":10,"minecraft:play_time":168843,"minecraft:deaths":4,"minecraft:sneak_time":9833,"minecraft:walk_under_water_one_cm":36576,"minecraft:jump":3031,"minecraft:walk_on_water_one_cm":65634,"minecraft:total_world_time":168843,"minecraft:interact_with_furnace":57,"tombstone:raider_killed":1,"minecraft:interact_with_cartography_table":1,"minecraft:sleep_in_bed":4,"minecraft:time_since_rest":1260,"minecraft:damage_taken":3807,"minecraft:damage_dealt":19063,"minecraft:swim_one_cm":39152,"minecraft:fly_one_cm":396064,"minecraft:open_chest":19,"minecraft:crouch_one_cm":25551,"tombstone:undead_killed":65,"minecraft:fall_one_cm":71972},"minecraft:picked_up":{"minecraft:crafting_table":2,"minecraft:chicken":5,"packedup:basicbackpack":3,"minecraft:amethyst_block":24,"minecraft:string":6,"minecraft:raw_copper":20,"irons_spellbooks:arcane_essence":5,"minecraft:cobbled_deepslate":271,"minecraft:beef":13,"minecraft:light_gray_wool":1,"minecraft:egg":2,"minecraft:stick":6,"minecraft:raw_iron":132,"minecraft:torch":22,"minecraft:acacia_log":20,"minecraft:porkchop":2,"tombstone:grave_dust":14,"minecraft:pointed_dripstone":9,"minecraft:diorite":9,"minecraft:redstone":92,"minecraft:orange_bed":1,"minecraft:arrow":19,"minecraft:rotten_flesh":38,"minecraft:hay_block":22,"tombstone:essence_of_undeath":1,"minecraft:mutton":8,"minecraft:obsidian":16,"minecraft:white_wool":4,"minecraft:cobblestone":143,"minecraft:feather":6,"minecraft:andesite":7,"minecraft:leather":10,"minecraft:tuff":7,"minecraft:oak_log":23,"minecraft:gunpowder":3,"minecraft:lapis_lazuli":127,"minecraft:dirt":21,"minecraft:bone":20,"minecraft:bow":1,"minecraft:wheat_seeds":3,"minecraft:raw_gold":56,"minecraft:iron_ingot":5,"tombstone:bag_of_seeds":2,"minecraft:acacia_sapling":2,"minecraft:gravel":2,"minecraft:amethyst_shard":12,"minecraft:diamond":29,"minecraft:granite":7,"minecraft:oak_sapling":1,"minecraft:coal":69},"minecraft:killed_by":{"minecraft:enderman":2,"minecraft:skeleton":1,"minecraft:zombie":1},"minecraft:crafted":{"minecraft:oak_planks":92,"minecraft:iron_nugget":9,"minecraft:cooked_chicken":5,"minecraft:furnace":7,"minecraft:cooked_mutton":4,"minecraft:iron_boots":1,"minecraft:stone_pickaxe":3,"minecraft:chest":5,"packedup:basicbackpack":2,"minecraft:wheat":198,"minecraft:cooked_beef":10,"minecraft:crafting_table":8,"simplyswords:iron_claymore":1,"minecraft:wooden_pickaxe":1,"minecraft:iron_helmet":1,"minecraft:bucket":1,"minecraft:stone_axe":1,"minecraft:bread":67,"minecraft:air":0,"minecraft:iron_chestplate":1,"minecraft:diamond_pickaxe":1,"minecraft:stick":28,"minecraft:iron_ingot":66,"minecraft:iron_pickaxe":1,"minecraft:stone_sword":1,"minecraft:iron_leggings":1,"minecraft:gold_ingot":24,"minecraft:white_bed":1,"minecraft:torch":40},"minecraft:used":{"simplyswords:iron_claymore":231,"minecraft:stone_sword":90,"minecraft:acacia_log":1,"minecraft:chest":3,"minecraft:cooked_chicken":5,"minecraft:rotten_flesh":14,"minecraft:iron_chestplate":1,"minecraft:orange_bed":1,"minecraft:torch":62,"minecraft:dirt":5,"minecraft:acacia_sapling":1,"minecraft:tuff":5,"minecraft:granite":7,"minecraft:iron_boots":1,"minecraft:light_gray_wool":1,"minecraft:furnace":7,"minecraft:oak_sapling":1,"tombstone:gift":8,"minecraft:cooked_beef":10,"minecraft:cobbled_deepslate":171,"minecraft:iron_leggings":1,"minecraft:cooked_mutton":4,"minecraft:water_bucket":15,"minecraft:diorite":9,"minecraft:stone_pickaxe":344,"minecraft:wooden_pickaxe":8,"minecraft:crafting_table":10,"minecraft:white_bed":1,"tombstone:bag_of_seeds":2,"minecraft:diamond_pickaxe":19,"minecraft:bread":19,"minecraft:iron_pickaxe":447,"minecraft:stone_axe":25,"minecraft:cobblestone":26,"minecraft:bucket":16,"minecraft:andesite":6},"minecraft:killed":{"irons_spellbooks:summoned_zombie":1,"minecraft:witch":1,"minecraft:spider":7,"minecraft:skeleton":19,"minecraft:chicken":5,"minecraft:drowned":1,"irons_spellbooks:summoned_skeleton":3,"minecraft:pig":2,"irons_spellbooks:necromancer":2,"minecraft:creeper":5,"minecraft:sheep":5,"minecraft:zombie":39,"minecraft:cow":6,"minecraft:enderman":1},"minecraft:broken":{"minecraft:stone_pickaxe":2,"minecraft:iron_pickaxe":1},"minecraft:dropped":{"minecraft:iron_ingot":29,"minecraft:bread":42,"minecraft:wheat_seeds":1,"minecraft:diamond":11,"packedup:basicbackpack":4,"minecraft:rotten_flesh":3,"minecraft:gunpowder":3}},"DataVersion":3465}