{"stats":{"minecraft:mined":{"minecraft:oak_sapling":1,"minecraft:acacia_leaves":5,"minecraft:melon_stem":3,"minecraft:torch":4,"minecraft:crafting_table":2,"minecraft:acacia_log":11,"minecraft:grass_block":30,"minecraft:copper_ore":18,"minecraft:kelp":1,"minecraft:wall_torch":2,"minecraft:wheat":137,"minecraft:lilac":1,"minecraft:coal_ore":39,"minecraft:grass":9,"minecraft:oak_log":83,"minecraft:dirt_path":25,"minecraft:gravel":101,"minecraft:dirt":98,"minecraft:stripped_oak_log":4,"minecraft:stone":13,"minecraft:netherrack":8,"minecraft:stripped_crimson_stem":1,"minecraft:oak_leaves":18,"minecraft:smithing_table":1},"minecraft:custom":{"minecraft:interact_with_furnace":31,"minecraft:mob_kills":82,"minecraft:interact_with_cartography_table":1,"minecraft:interact_with_crafting_table":38,"minecraft:bell_ring":29,"minecraft:interact_with_stonecutter":1,"minecraft:leave_game":3,"minecraft:time_since_death":61799,"minecraft:sleep_in_bed":1,"minecraft:time_since_rest":61069,"minecraft:sprint_one_cm":157953,"minecraft:damage_absorbed":419,"minecraft:damage_taken":4223,"minecraft:walk_one_cm":440222,"minecraft:drop":10,"minecraft:damage_dealt":7567,"minecraft:swim_one_cm":23170,"minecraft:fly_one_cm":49210,"minecraft:open_chest":40,"minecraft:crouch_one_cm":16625,"minecraft:play_time":189681,"tombstone:undead_killed":18,"minecraft:deaths":10,"minecraft:sneak_time":5034,"minecraft:walk_under_water_one_cm":77865,"minecraft:boat_one_cm":15390,"minecraft:jump":1292,"minecraft:walk_on_water_one_cm":53202,"minecraft:total_world_time":189681,"minecraft:fall_one_cm":27983,"minecraft:interact_with_smithing_table":3},"minecraft:picked_up":{"minecraft:stripped_oak_log":4,"minecraft:crafting_table":3,"minecraft:magma_block":7,"minecraft:wheat":141,"minecraft:magma_cream":1,"packedup:basicbackpack":1,"minecraft:salmon":13,"minecraft:leather":1,"minecraft:smithing_table":1,"minecraft:flint":13,"minecraft:oak_log":83,"minecraft:string":2,"minecraft:dirt":149,"minecraft:raw_copper":63,"minecraft:cooked_mutton":8,"minecraft:bone":4,"minecraft:acacia_planks":1,"minecraft:apple":2,"irons_spellbooks:arcane_essence":4,"minecraft:wheat_seeds":346,"minecraft:gold_nugget":1,"minecraft:beef":1,"minecraft:iron_pickaxe":1,"minecraft:oak_planks":1,"minecraft:stick":6,"minecraft:torch":96,"minecraft:acacia_log":11,"minecraft:stripped_crimson_stem":1,"minecraft:gravel":128,"minecraft:polished_blackstone_bricks":81,"minecraft:porkchop":4,"simplyswords:iron_halberd":1,"tombstone:grave_dust":1,"minecraft:bundle":1,"minecraft:rotten_flesh":9,"minecraft:arrow":5,"minecraft:diamond":1,"minecraft:iron_helmet":1,"minecraft:cobblestone":19,"minecraft:coal":38,"minecraft:oak_sapling":7,"minecraft:melon_seeds":4,"minecraft:netherrack":134,"irons_spellbooks:scroll":1,"minecraft:ender_pearl":2},"minecraft:crafted":{"minecraft:cooked_beef":8,"minecraft:oak_planks":152,"minecraft:crimson_planks":4,"minecraft:wooden_shovel":2,"minecraft:fishing_rod":1,"minecraft:cooked_porkchop":5,"minecraft:crafting_table":2,"minecraft:cooked_chicken":2,"minecraft:iron_helmet":8,"minecraft:smithing_table":1,"minecraft:cooked_salmon":12,"minecraft:bucket":1,"minecraft:acacia_boat":1,"minecraft:bread":52,"minecraft:air":0,"minecraft:flint_and_steel":1,"minecraft:oak_boat":2,"minecraft:oak_chest_boat":1,"minecraft:bow":1,"minecraft:iron_boots":1,"minecraft:iron_chestplate":1,"minecraft:shield":1,"minecraft:iron_axe":1,"tombstone:grave_key":1,"minecraft:stick":88,"minecraft:iron_ingot":16,"minecraft:iron_pickaxe":3,"minecraft:chest":3,"minecraft:iron_shovel":1,"minecraft:iron_leggings":1,"minecraft:acacia_planks":44,"minecraft:torch":128},"minecraft:killed_by":{"minecraft:ghast":1,"minecraft:player":1,"minecraft:zombified_piglin":2,"minecraft:zombie":1,"minecraft:magma_cube":1},"minecraft:used":{"minecraft:wheat_seeds":137,"minecraft:cooked_mutton":8,"minecraft:acacia_boat":1,"minecraft:iron_shovel":187,"minecraft:oak_planks":1,"minecraft:chest":2,"minecraft:wooden_shovel":87,"minecraft:cooked_salmon":1,"minecraft:cooked_chicken":2,"minecraft:netherrack":99,"minecraft:torch":98,"minecraft:dirt":70,"minecraft:crafting_table":3,"simplyswords:diamond_longsword":8,"simplyswords:iron_halberd":133,"minecraft:apple":1,"minecraft:cracked_polished_blackstone_bricks":1,"minecraft:iron_axe":116,"minecraft:bread":12,"minecraft:iron_pickaxe":83,"minecraft:gravel":132,"minecraft:cobblestone":2,"minecraft:bow":13,"minecraft:smithing_table":1,"minecraft:oak_sapling":6,"tombstone:gift":3,"minecraft:cooked_beef":1,"minecraft:cobbled_deepslate":5},"minecraft:killed":{"minecraft:magma_cube":40,"irons_spellbooks:summoned_zombie":4,"minecraft:pig":2,"minecraft:zombified_piglin":2,"minecraft:salmon":17,"minecraft:spider":1,"irons_spellbooks:necromancer":2,"minecraft:skeleton":3,"minecraft:zombie":2,"minecraft:drowned":4,"irons_spellbooks:summoned_skeleton":1,"minecraft:piglin_brute":1,"minecraft:enderman":1,"minecraft:cow":1},"minecraft:broken":{"minecraft:wooden_shovel":1},"minecraft:dropped":{"minecraft:iron_ingot":1,"minecraft:cobbled_deepslate":123,"minecraft:wheat":2,"minecraft:iron_helmet":1,"simplyswords:iron_halberd":1,"minecraft:acacia_planks":2,"minecraft:bone":1}},"DataVersion":3465}