{"stats":{"minecraft:crafted":{"minecraft:cooked_beef":8,"minecraft:oak_planks":164,"minecraft:crimson_planks":4,"minecraft:wooden_shovel":2,"minecraft:fishing_rod":1,"minecraft:cooked_porkchop":5,"minecraft:crafting_table":2,"minecraft:cooked_chicken":2,"minecraft:iron_helmet":8,"minecraft:smithing_table":1,"minecraft:cooked_salmon":12,"minecraft:bucket":1,"minecraft:acacia_boat":1,"minecraft:bread":52,"minecraft:air":0,"minecraft:flint_and_steel":1,"minecraft:oak_boat":2,"minecraft:oak_chest_boat":1,"minecraft:iron_chestplate":1,"minecraft:iron_boots":1,"minecraft:bow":1,"minecraft:shield":1,"minecraft:iron_axe":1,"tombstone:grave_key":1,"minecraft:stick":88,"minecraft:iron_ingot":16,"minecraft:iron_pickaxe":3,"minecraft:chest":3,"minecraft:iron_shovel":1,"minecraft:iron_leggings":1,"minecraft:acacia_planks":44,"minecraft:torch":128},"minecraft:killed_by":{"minecraft:ghast":1,"minecraft:player":1,"minecraft:zombified_piglin":2,"minecraft:zombie":1,"minecraft:magma_cube":1},"minecraft:picked_up":{"irons_spellbooks:scroll":1,"minecraft:stripped_oak_log":4,"minecraft:crafting_table":3,"minecraft:magma_block":7,"minecraft:wheat":141,"minecraft:glow_ink_sac":1,"minecraft:magma_cream":1,"packedup:basicbackpack":1,"minecraft:salmon":13,"minecraft:leather":1,"minecraft:smithing_table":1,"minecraft:flint":13,"minecraft:oak_log":83,"minecraft:string":3,"minecraft:dirt":154,"minecraft:raw_copper":63,"minecraft:cooked_mutton":8,"minecraft:bone":7,"minecraft:acacia_planks":1,"minecraft:apple":2,"irons_spellbooks:arcane_essence":4,"minecraft:wheat_seeds":346,"minecraft:gold_nugget":1,"minecraft:beef":1,"minecraft:iron_pickaxe":1,"minecraft:oak_planks":1,"minecraft:stick":6,"minecraft:torch":101,"minecraft:acacia_log":11,"minecraft:gravel":128,"minecraft:stripped_crimson_stem":1,"minecraft:porkchop":4,"minecraft:polished_blackstone_bricks":81,"simplyswords:iron_halberd":1,"tombstone:grave_dust":2,"minecraft:grass_block":1,"minecraft:spider_eye":1,"minecraft:bundle":1,"minecraft:arrow":8,"minecraft:rotten_flesh":15,"minecraft:diamond":1,"minecraft:iron_helmet":1,"minecraft:oak_sapling":7,"minecraft:melon_seeds":4,"minecraft:netherrack":134,"minecraft:coal":38,"minecraft:cobblestone":30,"minecraft:ender_pearl":3},"minecraft:used":{"minecraft:wheat_seeds":137,"minecraft:acacia_boat":1,"minecraft:iron_shovel":187,"minecraft:oak_planks":1,"minecraft:chest":2,"minecraft:cooked_salmon":1,"minecraft:wooden_shovel":87,"minecraft:cooked_chicken":2,"minecraft:netherrack":104,"minecraft:torch":123,"minecraft:dirt":70,"minecraft:crafting_table":5,"simplyswords:diamond_longsword":39,"simplyswords:iron_halberd":133,"minecraft:apple":1,"minecraft:cracked_polished_blackstone_bricks":1,"minecraft:iron_axe":116,"minecraft:bread":15,"minecraft:iron_pickaxe":87,"minecraft:gravel":138,"minecraft:cobblestone":2,"minecraft:bow":13,"minecraft:oak_sapling":6,"minecraft:smithing_table":1,"tombstone:gift":3,"minecraft:cooked_mutton":8,"minecraft:cooked_beef":1,"minecraft:cobbled_deepslate":5},"minecraft:killed":{"minecraft:magma_cube":40,"minecraft:zombified_piglin":2,"minecraft:pig":2,"irons_spellbooks:summoned_zombie":4,"minecraft:salmon":17,"minecraft:spider":2,"irons_spellbooks:necromancer":2,"minecraft:skeleton":4,"minecraft:zombie":9,"minecraft:drowned":4,"irons_spellbooks:summoned_skeleton":1,"minecraft:piglin_brute":1,"minecraft:enderman":2,"minecraft:cow":1},"minecraft:custom":{"minecraft:interact_with_furnace":31,"minecraft:mob_kills":92,"minecraft:interact_with_crafting_table":39,"minecraft:interact_with_cartography_table":1,"minecraft:bell_ring":29,"minecraft:interact_with_stonecutter":1,"minecraft:leave_game":4,"minecraft:time_since_death":79457,"minecraft:sleep_in_bed":1,"minecraft:time_since_rest":78727,"minecraft:sprint_one_cm":158502,"minecraft:damage_absorbed":419,"minecraft:damage_taken":4452,"minecraft:walk_one_cm":477356,"minecraft:drop":10,"minecraft:damage_dealt":9743,"minecraft:swim_one_cm":23170,"minecraft:fly_one_cm":50445,"minecraft:play_time":207339,"minecraft:open_chest":50,"minecraft:crouch_one_cm":17051,"minecraft:sneak_time":5264,"tombstone:undead_killed":26,"minecraft:deaths":10,"minecraft:walk_under_water_one_cm":83445,"minecraft:boat_one_cm":15390,"minecraft:jump":1497,"minecraft:walk_on_water_one_cm":68997,"minecraft:interact_with_smithing_table":3,"minecraft:total_world_time":207339,"minecraft:fall_one_cm":29469},"minecraft:broken":{"minecraft:wooden_shovel":1},"minecraft:mined":{"minecraft:acacia_leaves":5,"minecraft:oak_sapling":1,"minecraft:melon_stem":3,"minecraft:crafting_table":2,"minecraft:torch":4,"minecraft:acacia_log":11,"minecraft:grass_block":33,"minecraft:copper_ore":18,"minecraft:kelp":1,"minecraft:wall_torch":6,"minecraft:wheat":137,"minecraft:lilac":1,"minecraft:grass":9,"minecraft:coal_ore":39,"minecraft:oak_log":83,"minecraft:dirt_path":25,"minecraft:gravel":101,"minecraft:dirt":100,"minecraft:stripped_oak_log":4,"minecraft:stone":16,"minecraft:netherrack":8,"minecraft:stripped_crimson_stem":1,"minecraft:oak_leaves":18,"minecraft:smithing_table":1},"minecraft:dropped":{"minecraft:iron_ingot":1,"minecraft:cobbled_deepslate":123,"minecraft:wheat":2,"minecraft:iron_helmet":1,"simplyswords:iron_halberd":1,"minecraft:acacia_planks":2,"minecraft:bone":1}},"DataVersion":3465}