{"stats":{"minecraft:mined":{"minecraft:acacia_leaves":5,"minecraft:melon_stem":3,"minecraft:wheat":79,"minecraft:grass":7,"minecraft:acacia_log":11,"minecraft:grass_block":30,"minecraft:dirt_path":25,"minecraft:dirt":98,"minecraft:stripped_crimson_stem":1,"minecraft:netherrack":7,"minecraft:kelp":1},"minecraft:picked_up":{"minecraft:magma_block":7,"minecraft:wheat":82,"packedup:basicbackpack":1,"minecraft:salmon":6,"minecraft:stripped_crimson_stem":1,"minecraft:leather":1,"minecraft:acacia_log":11,"minecraft:gravel":1,"minecraft:porkchop":1,"tombstone:grave_dust":1,"minecraft:dirt":148,"minecraft:rotten_flesh":2,"minecraft:bone":1,"minecraft:arrow":2,"minecraft:gold_nugget":1,"minecraft:wheat_seeds":188,"minecraft:beef":1,"minecraft:iron_pickaxe":1,"minecraft:netherrack":64,"minecraft:melon_seeds":4},"minecraft:custom":{"minecraft:time_since_rest":520,"minecraft:interact_with_furnace":11,"minecraft:sprint_one_cm":53458,"minecraft:damage_taken":1023,"minecraft:walk_one_cm":146532,"minecraft:mob_kills":12,"minecraft:drop":3,"minecraft:damage_dealt":1296,"minecraft:swim_one_cm":2205,"minecraft:interact_with_cartography_table":1,"minecraft:interact_with_crafting_table":10,"minecraft:fly_one_cm":12622,"minecraft:deaths":2,"minecraft:open_chest":5,"minecraft:crouch_one_cm":5103,"minecraft:play_time":40399,"tombstone:undead_killed":4,"minecraft:sneak_time":1069,"minecraft:walk_under_water_one_cm":21200,"minecraft:jump":325,"minecraft:leave_game":2,"minecraft:walk_on_water_one_cm":13692,"minecraft:time_since_death":0,"minecraft:sleep_in_bed":1,"minecraft:total_world_time":40399,"minecraft:fall_one_cm":7597},"minecraft:killed_by":{"minecraft:zombified_piglin":2},"minecraft:crafted":{"minecraft:cooked_beef":1,"minecraft:iron_boots":1,"minecraft:iron_chestplate":1,"minecraft:cooked_porkchop":2,"minecraft:shield":1,"minecraft:iron_axe":1,"minecraft:crafting_table":1,"minecraft:stick":16,"minecraft:iron_helmet":1,"minecraft:chest":2,"minecraft:iron_shovel":1,"minecraft:iron_leggings":1,"minecraft:cooked_salmon":6,"minecraft:acacia_planks":44,"minecraft:acacia_boat":1,"minecraft:bread":19},"minecraft:used":{"minecraft:wheat_seeds":86,"minecraft:acacia_boat":1,"minecraft:iron_shovel":187,"minecraft:iron_axe":2,"minecraft:iron_pickaxe":7,"minecraft:bread":9,"minecraft:chest":2,"minecraft:dirt":70,"minecraft:bow":3,"minecraft:crafting_table":1,"simplyswords:iron_halberd":24},"minecraft:killed":{"minecraft:skeleton":1,"minecraft:zombified_piglin":2,"minecraft:pig":1,"minecraft:salmon":6,"minecraft:drowned":1,"minecraft:cow":1},"minecraft:dropped":{"minecraft:iron_ingot":1,"minecraft:wheat":2}},"DataVersion":3465}