{"stats":{"minecraft:mined":{"minecraft:acacia_log":3,"minecraft:tall_grass":3,"minecraft:cobblestone":1,"minecraft:stone":12},"minecraft:crafted":{"minecraft:acacia_planks":12,"minecraft:crafting_table":1,"minecraft:stick":8,"minecraft:wooden_pickaxe":1},"minecraft:picked_up":{"minecraft:wheat_seeds":2,"minecraft:acacia_log":3,"minecraft:oak_sapling":2,"minecraft:cobblestone":13},"minecraft:used":{"minecraft:cobblestone":1,"minecraft:crafting_table":1,"minecraft:oak_sapling":2,"minecraft:wooden_pickaxe":13},"minecraft:custom":{"minecraft:time_since_rest":40256,"minecraft:crouch_one_cm":36,"minecraft:sprint_one_cm":16638,"minecraft:play_time":40256,"minecraft:damage_taken":160,"minecraft:walk_one_cm":10573,"minecraft:sneak_time":47,"minecraft:walk_under_water_one_cm":212,"minecraft:jump":50,"minecraft:damage_dealt":27,"minecraft:leave_game":2,"minecraft:walk_on_water_one_cm":382,"minecraft:time_since_death":40256,"minecraft:total_world_time":40256,"minecraft:swim_one_cm":1517,"minecraft:interact_with_crafting_table":1,"minecraft:fall_one_cm":538,"minecraft:fly_one_cm":3732}},"DataVersion":3465}