{"stats":{"minecraft:killed_by":{"minecraft:creeper":1,"minecraft:enderman":1,"minecraft:zombie":2},"minecraft:broken":{"minecraft:iron_shovel":1,"minecraft:stone_pickaxe":1,"minecraft:stone_axe":1,"minecraft:iron_pickaxe":3},"minecraft:killed":{"irons_spellbooks:summoned_zombie":1,"minecraft:spider":3,"minecraft:horse":1,"minecraft:skeleton":8,"minecraft:chicken":2,"minecraft:pig":8,"minecraft:creeper":4,"minecraft:sheep":10,"minecraft:zombie":36,"minecraft:cow":4},"minecraft:mined":{"minecraft:large_amethyst_bud":1,"minecraft:tuff":163,"minecraft:farmland":2,"minecraft:deepslate_diamond_ore":29,"minecraft:obsidian":7,"minecraft:glow_lichen":2,"minecraft:budding_amethyst":4,"minecraft:granite":6,"minecraft:acacia_log":145,"minecraft:grass_block":7,"minecraft:yellow_carpet":1,"minecraft:hay_block":10,"minecraft:smooth_stone":1,"minecraft:raw_iron_block":1,"minecraft:iron_ore":28,"minecraft:andesite":7,"minecraft:deepslate_lapis_ore":4,"minecraft:deepslate_iron_ore":75,"minecraft:dirt_path":1,"minecraft:small_amethyst_bud":1,"minecraft:stone":162,"minecraft:orange_bed":2,"minecraft:deepslate_redstone_ore":29,"minecraft:acacia_leaves":11,"minecraft:medium_amethyst_bud":1,"minecraft:amethyst_cluster":3,"minecraft:clay":297,"minecraft:crafting_table":5,"minecraft:torch":16,"minecraft:calcite":8,"minecraft:tall_grass":8,"minecraft:copper_ore":17,"minecraft:cobblestone":1,"minecraft:deepslate_gold_ore":27,"minecraft:diorite":23,"minecraft:wall_torch":11,"minecraft:amethyst_block":64,"minecraft:acacia_sapling":2,"minecraft:grass":101,"minecraft:coal_ore":44,"minecraft:oak_log":2,"minecraft:dirt":6,"minecraft:gravel":31,"minecraft:sand":19,"minecraft:smooth_basalt":2,"minecraft:deepslate":1195},"minecraft:crafted":{"minecraft:oak_planks":8,"minecraft:raw_iron":9,"minecraft:iron_nugget":18,"minecraft:furnace":2,"minecraft:cooked_mutton":18,"minecraft:glass":3,"minecraft:iron_boots":1,"minecraft:iron_axe":1,"minecraft:stone_pickaxe":3,"packedup:copperbackpack":1,"minecraft:cooked_beef":8,"minecraft:emerald":36,"minecraft:cooked_porkchop":22,"minecraft:crafting_table":5,"packedup:diamondbackpack":1,"simplyswords:iron_chakram":2,"minecraft:wooden_pickaxe":1,"minecraft:iron_helmet":1,"minecraft:copper_ingot":40,"minecraft:stone_axe":1,"minecraft:enchanted_book":1,"minecraft:air":0,"packedup:obsidianbackpack":1,"minecraft:iron_chestplate":1,"minecraft:diamond_pickaxe":1,"minecraft:stick":704,"minecraft:iron_ingot":89,"minecraft:iron_pickaxe":8,"minecraft:iron_block":3,"minecraft:iron_leggings":1,"minecraft:stone_sword":1,"minecraft:iron_shovel":2,"minecraft:gold_ingot":50,"minecraft:acacia_planks":380,"packedup:goldbackpack":1,"minecraft:torch":4},"minecraft:dropped":{"minecraft:iron_ingot":5,"minecraft:cobblestone":41,"minecraft:leather":4,"minecraft:stone_sword":2,"minecraft:cobbled_deepslate":296,"minecraft:andesite":1,"minecraft:stone_pickaxe":3,"minecraft:wooden_pickaxe":1,"packedup:diamondbackpack":1},"minecraft:custom":{"minecraft:mob_kills":78,"minecraft:interact_with_crafting_table":63,"minecraft:leave_game":5,"minecraft:time_since_death":1110,"minecraft:climb_one_cm":16,"minecraft:sprint_one_cm":632458,"minecraft:walk_one_cm":617067,"minecraft:drop":20,"minecraft:talked_to_villager":32,"minecraft:play_time":352317,"minecraft:deaths":4,"minecraft:sneak_time":1234,"minecraft:walk_under_water_one_cm":15859,"minecraft:jump":2175,"minecraft:interact_with_blast_furnace":1,"minecraft:walk_on_water_one_cm":92236,"minecraft:total_world_time":352317,"minecraft:interact_with_furnace":83,"minecraft:traded_with_villager":37,"minecraft:sleep_in_bed":4,"minecraft:time_since_rest":1,"minecraft:damage_taken":4507,"minecraft:damage_dealt":13205,"minecraft:swim_one_cm":37143,"minecraft:fly_one_cm":213709,"minecraft:open_chest":31,"minecraft:crouch_one_cm":1750,"tombstone:undead_killed":45,"minecraft:fall_one_cm":37848},"minecraft:used":{"minecraft:stone_sword":74,"minecraft:iron_shovel":332,"minecraft:rotten_flesh":4,"minecraft:orange_bed":2,"minecraft:torch":36,"minecraft:dirt":1,"minecraft:tuff":7,"minecraft:iron_axe":29,"minecraft:oak_sapling":2,"minecraft:furnace":2,"tombstone:gift":4,"minecraft:cooked_beef":2,"minecraft:cobbled_deepslate":56,"minecraft:acacia_planks":10,"minecraft:cooked_mutton":6,"minecraft:stone_pickaxe":209,"minecraft:wooden_pickaxe":13,"simplyswords:iron_chakram":247,"minecraft:crafting_table":10,"tombstone:bag_of_seeds":1,"minecraft:diamond_pickaxe":826,"minecraft:bread":40,"minecraft:iron_pickaxe":870,"minecraft:stone_axe":139,"minecraft:cobblestone":6,"minecraft:cooked_porkchop":15,"minecraft:andesite":4,"minecraft:smooth_stone":1},"minecraft:picked_up":{"minecraft:crafting_table":5,"minecraft:wheat":1,"minecraft:chicken":2,"minecraft:clay_ball":1148,"packedup:basicbackpack":1,"minecraft:wooden_pickaxe":1,"minecraft:amethyst_block":64,"minecraft:string":4,"minecraft:raw_copper":50,"minecraft:cobbled_deepslate":1108,"minecraft:smooth_stone":1,"minecraft:beef":5,"minecraft:calcite":8,"minecraft:lectern":1,"minecraft:raw_iron":97,"minecraft:torch":30,"minecraft:acacia_log":141,"minecraft:porkchop":13,"tombstone:grave_dust":9,"minecraft:diorite":23,"minecraft:redstone":128,"packedup:diamondbackpack":1,"minecraft:orange_bed":2,"minecraft:rotten_flesh":31,"minecraft:stone_sword":1,"minecraft:arrow":6,"minecraft:hay_block":10,"minecraft:obsidian":7,"minecraft:mutton":14,"minecraft:white_wool":8,"minecraft:cobblestone":160,"minecraft:glow_ink_sac":2,"minecraft:andesite":5,"minecraft:leather":5,"minecraft:brown_wool":1,"minecraft:flint":2,"minecraft:tuff":159,"minecraft:oak_log":2,"minecraft:gunpowder":5,"minecraft:lapis_lazuli":27,"minecraft:dirt":16,"minecraft:bone":6,"minecraft:wheat_seeds":22,"minecraft:raw_gold":27,"minecraft:stone_pickaxe":1,"minecraft:iron_ingot":30,"tombstone:bag_of_seeds":1,"minecraft:glass_bottle":1,"minecraft:acacia_sapling":4,"minecraft:book":6,"minecraft:smooth_basalt":2,"minecraft:raw_iron_block":1,"minecraft:gravel":73,"minecraft:sand":19,"minecraft:amethyst_shard":12,"minecraft:bundle":1,"minecraft:diamond":40,"minecraft:granite":6,"minecraft:bread":42,"minecraft:oak_sapling":3,"minecraft:coal":42}},"DataVersion":3465}