{"stats":{"minecraft:crafted":{"minecraft:oak_planks":28,"minecraft:raw_iron":9,"minecraft:iron_nugget":18,"minecraft:furnace":2,"minecraft:cobblestone_stairs":80,"minecraft:cooked_mutton":18,"minecraft:glass":3,"minecraft:diamond_helmet":1,"minecraft:diamond_leggings":1,"minecraft:iron_boots":1,"minecraft:iron_axe":1,"tombstone:grave_key":1,"minecraft:stone_pickaxe":3,"minecraft:chest":2,"minecraft:diamond_boots":1,"packedup:copperbackpack":1,"minecraft:cooked_beef":8,"minecraft:diamond_sword":1,"minecraft:emerald":68,"minecraft:cooked_porkchop":31,"minecraft:crafting_table":6,"packedup:diamondbackpack":1,"simplyswords:iron_chakram":2,"minecraft:wooden_pickaxe":1,"minecraft:iron_helmet":1,"minecraft:copper_ingot":40,"minecraft:stone_axe":1,"minecraft:enchanted_book":1,"minecraft:air":0,"packedup:obsidianbackpack":1,"minecraft:iron_chestplate":1,"minecraft:diamond_pickaxe":1,"minecraft:stick":704,"minecraft:iron_ingot":89,"minecraft:iron_pickaxe":8,"minecraft:stone_sword":1,"minecraft:iron_block":3,"minecraft:iron_shovel":2,"minecraft:iron_leggings":1,"minecraft:gold_ingot":50,"minecraft:acacia_planks":380,"minecraft:torch":4,"packedup:goldbackpack":1,"irons_spellbooks:diamond_spell_book":1,"minecraft:diamond_chestplate":1},"minecraft:killed_by":{"minecraft:creeper":1,"minecraft:enderman":1,"minecraft:warden":7,"minecraft:zombie":2},"minecraft:picked_up":{"irons_spellbooks:scroll":2,"minecraft:crafting_table":5,"minecraft:wheat":2,"minecraft:chicken":2,"minecraft:clay_ball":1148,"packedup:basicbackpack":1,"minecraft:wooden_pickaxe":1,"minecraft:enchanted_book":1,"minecraft:amethyst_block":64,"minecraft:music_disc_cat":1,"minecraft:string":19,"minecraft:raw_copper":50,"minecraft:experience_bottle":14,"minecraft:gold_nugget":58,"minecraft:cracked_stone_bricks":2,"minecraft:deepslate_tiles":3,"minecraft:diamond_leggings":1,"minecraft:cobbled_deepslate":1146,"minecraft:smooth_stone":1,"minecraft:beef":5,"irons_spellbooks:epic_ink":1,"minecraft:calcite":8,"minecraft:lectern":1,"minecraft:diamond_hoe":2,"minecraft:egg":1,"minecraft:stick":1,"minecraft:raw_iron":156,"minecraft:torch":34,"minecraft:acacia_log":141,"minecraft:porkchop":15,"tombstone:grave_dust":18,"minecraft:diorite":41,"minecraft:carrot":1,"minecraft:redstone":128,"minecraft:deepslate_tile_stairs":1,"packedup:diamondbackpack":1,"irons_spellbooks:mana_ring":1,"minecraft:orange_bed":2,"minecraft:stone_sword":1,"minecraft:arrow":12,"minecraft:rotten_flesh":102,"minecraft:deepslate_bricks":1,"minecraft:hay_block":10,"minecraft:cracked_deepslate_bricks":1,"irons_spellbooks:magic_cloth":2,"minecraft:obsidian":7,"minecraft:mutton":14,"minecraft:white_wool":8,"minecraft:cobblestone":563,"minecraft:cracked_deepslate_tiles":2,"minecraft:basalt":1,"minecraft:cooked_beef":11,"minecraft:glow_ink_sac":3,"minecraft:andesite":21,"minecraft:brown_wool":6,"minecraft:leather":6,"irons_spellbooks:netherite_spell_book":1,"minecraft:potato":2,"minecraft:flint":2,"minecraft:tuff":170,"minecraft:oak_log":7,"minecraft:gunpowder":8,"minecraft:lapis_lazuli":27,"minecraft:deepslate_tile_slab":1,"minecraft:dirt":52,"irons_spellbooks:hogskin":4,"minecraft:bone":19,"irons_spellbooks:iron_spell_book":1,"minecraft:stone_bricks":3,"minecraft:bow":2,"minecraft:wheat_seeds":24,"minecraft:raw_gold":31,"minecraft:cooked_chicken":4,"minecraft:iron_ingot":30,"minecraft:stone_pickaxe":1,"tombstone:bag_of_seeds":2,"minecraft:glass_bottle":1,"minecraft:pitcher_pod":3,"minecraft:acacia_sapling":4,"minecraft:book":6,"minecraft:scaffolding":10,"minecraft:smooth_basalt":2,"minecraft:cooked_porkchop":5,"minecraft:quartz":64,"minecraft:raw_iron_block":1,"minecraft:gravel":73,"minecraft:sand":25,"minecraft:amethyst_shard":12,"minecraft:soul_torch":31,"minecraft:spider_eye":4,"irons_spellbooks:poisonward_ring":1,"minecraft:bundle":5,"irons_spellbooks:divine_pearl":4,"minecraft:diamond":44,"minecraft:netherite_helmet":1,"minecraft:soul_lantern":6,"minecraft:light_blue_carpet":1,"minecraft:granite":39,"minecraft:bread":49,"minecraft:baked_potato":6,"tombstone:magic_scroll":3,"minecraft:oak_sapling":4,"minecraft:netherrack":190,"minecraft:coal":42,"minecraft:ender_pearl":2},"minecraft:used":{"minecraft:iron_shovel":332,"minecraft:stone_sword":74,"minecraft:diamond_hoe":1346,"minecraft:chest":2,"minecraft:cooked_chicken":4,"minecraft:rotten_flesh":4,"minecraft:orange_bed":2,"minecraft:torch":38,"minecraft:dirt":3,"minecraft:tuff":29,"minecraft:iron_axe":38,"minecraft:oak_sapling":2,"minecraft:furnace":2,"tombstone:gift":5,"minecraft:cooked_beef":5,"minecraft:cobbled_deepslate":72,"minecraft:acacia_planks":10,"minecraft:cooked_mutton":18,"minecraft:cobblestone_stairs":56,"minecraft:baked_potato":6,"minecraft:stone_pickaxe":209,"minecraft:wooden_pickaxe":13,"minecraft:white_wool":7,"simplyswords:iron_chakram":500,"minecraft:crafting_table":11,"tombstone:bag_of_seeds":2,"minecraft:diamond_pickaxe":2116,"minecraft:bread":47,"minecraft:iron_pickaxe":1107,"tombstone:grave_key":1,"minecraft:soul_lantern":5,"minecraft:stone_axe":139,"minecraft:diamond_sword":215,"minecraft:cobblestone":60,"minecraft:cooked_porkchop":30,"minecraft:andesite":4,"minecraft:experience_bottle":14,"minecraft:smooth_stone":1,"minecraft:soul_torch":10},"minecraft:killed":{"irons_spellbooks:summoned_zombie":9,"minecraft:zombified_piglin":1,"minecraft:spider":10,"minecraft:skeleton":23,"minecraft:horse":1,"minecraft:chicken":2,"irons_spellbooks:summoned_skeleton":1,"minecraft:piglin":1,"minecraft:pig":8,"minecraft:hoglin":1,"minecraft:creeper":6,"minecraft:sheep":11,"minecraft:zombie":101,"minecraft:enderman":1,"minecraft:cow":4},"minecraft:custom":{"minecraft:interact_with_smithing_table":1,"minecraft:interact_with_anvil":4,"minecraft:mob_kills":188,"minecraft:interact_with_crafting_table":77,"minecraft:open_barrel":14,"minecraft:leave_game":11,"minecraft:time_since_death":122388,"minecraft:climb_one_cm":10916,"minecraft:sprint_one_cm":1122848,"minecraft:walk_one_cm":1163229,"minecraft:drop":56,"minecraft:damage_dealt_absorbed":160,"minecraft:talked_to_villager":37,"minecraft:play_time":598091,"minecraft:sneak_time":16436,"minecraft:deaths":13,"minecraft:walk_under_water_one_cm":23182,"minecraft:jump":3846,"minecraft:interact_with_blast_furnace":1,"minecraft:walk_on_water_one_cm":105035,"minecraft:total_world_time":598091,"minecraft:interact_with_furnace":99,"minecraft:traded_with_villager":69,"minecraft:interact_with_grindstone":1,"minecraft:sleep_in_bed":7,"minecraft:time_since_rest":122025,"minecraft:damage_taken":9917,"minecraft:damage_absorbed":2700,"minecraft:trigger_trapped_chest":3,"minecraft:damage_dealt":33721,"minecraft:swim_one_cm":57486,"minecraft:fly_one_cm":468923,"minecraft:crouch_one_cm":60573,"minecraft:open_chest":106,"tombstone:undead_killed":135,"minecraft:fall_one_cm":85906},"minecraft:broken":{"minecraft:iron_shovel":1,"simplyswords:iron_chakram":2,"minecraft:stone_pickaxe":1,"minecraft:stone_axe":1,"minecraft:iron_pickaxe":4},"minecraft:dropped":{"minecraft:iron_ingot":5,"minecraft:wheat_seeds":2,"minecraft:cobblestone":99,"minecraft:leather":4,"minecraft:cracked_stone_bricks":2,"minecraft:cobblestone_stairs":24,"minecraft:diorite":6,"minecraft:torch":2,"minecraft:cracked_deepslate_tiles":1,"minecraft:brown_wool":5,"minecraft:sand":3,"minecraft:bone":1,"minecraft:sugar_cane":1,"minecraft:stone_sword":2,"minecraft:cobbled_deepslate":312,"minecraft:tuff":11,"minecraft:diamond_hoe":1,"minecraft:deepslate_bricks":1,"minecraft:bundle":3,"minecraft:andesite":1,"irons_spellbooks:netherite_spell_book":1,"minecraft:stone_bricks":3,"minecraft:wooden_pickaxe":1,"minecraft:bow":2,"minecraft:stone_pickaxe":3,"packedup:diamondbackpack":1,"minecraft:netherrack":64,"minecraft:egg":1},"minecraft:mined":{"minecraft:nether_gold_ore":26,"minecraft:deepslate_tiles":3,"minecraft:large_amethyst_bud":1,"minecraft:tuff":186,"minecraft:farmland":2,"minecraft:deepslate_diamond_ore":33,"minecraft:sculk_vein":50,"minecraft:light_blue_carpet":1,"minecraft:obsidian":7,"minecraft:glow_lichen":3,"minecraft:granite":38,"minecraft:budding_amethyst":4,"minecraft:acacia_log":145,"minecraft:spruce_fence":2,"minecraft:grass_block":10,"minecraft:yellow_carpet":1,"minecraft:deepslate_bricks":1,"minecraft:deepslate_tile_stairs":1,"minecraft:hay_block":10,"minecraft:smooth_stone":1,"minecraft:polished_blackstone_bricks":1,"minecraft:raw_iron_block":1,"minecraft:sculk_catalyst":5,"minecraft:fire":1,"minecraft:cobbled_deepslate":1,"minecraft:iron_ore":80,"minecraft:andesite":22,"minecraft:deepslate_lapis_ore":4,"minecraft:sculk_shrieker":1,"minecraft:pointed_dripstone":1,"minecraft:deepslate_iron_ore":80,"minecraft:dirt_path":1,"minecraft:small_amethyst_bud":1,"minecraft:stone":593,"minecraft:orange_bed":2,"minecraft:deepslate_redstone_ore":40,"minecraft:soul_wall_torch":2,"minecraft:acacia_leaves":11,"minecraft:crimson_nylium":3,"minecraft:soul_torch":5,"minecraft:medium_amethyst_bud":1,"minecraft:deepslate_tile_slab":1,"minecraft:amethyst_cluster":3,"minecraft:soul_lantern":7,"minecraft:clay":297,"minecraft:crafting_table":5,"minecraft:torch":16,"minecraft:calcite":8,"minecraft:sculk_sensor":42,"minecraft:nether_quartz_ore":77,"minecraft:copper_ore":17,"minecraft:tall_grass":8,"minecraft:cobblestone":3,"minecraft:deepslate_gold_ore":31,"minecraft:cracked_deepslate_bricks":1,"minecraft:sculk":1275,"minecraft:diorite":35,"minecraft:wall_torch":12,"minecraft:amethyst_block":64,"minecraft:acacia_sapling":2,"minecraft:nether_wart_block":1,"minecraft:cracked_deepslate_tiles":1,"minecraft:grass":103,"minecraft:oak_log":8,"minecraft:coal_ore":50,"minecraft:gravel":31,"minecraft:dirt":9,"minecraft:sand":19,"minecraft:cracked_stone_bricks":1,"minecraft:smooth_basalt":2,"minecraft:stone_bricks":1,"minecraft:netherrack":586,"minecraft:deepslate":1379}},"DataVersion":3465}