{"stats":{"minecraft:mined":{"minecraft:deepslate_redstone_ore":4,"minecraft:tuff":11,"minecraft:deepslate_diamond_ore":8,"minecraft:crafting_table":1,"minecraft:torch":16,"minecraft:glow_lichen":2,"minecraft:granite":6,"minecraft:acacia_log":37,"minecraft:grass_block":2,"minecraft:copper_ore":17,"minecraft:tall_grass":4,"minecraft:cobblestone":1,"minecraft:deepslate_gold_ore":27,"minecraft:diorite":23,"minecraft:wall_torch":8,"minecraft:iron_ore":28,"minecraft:andesite":7,"minecraft:deepslate_lapis_ore":3,"minecraft:grass":6,"minecraft:oak_log":2,"minecraft:coal_ore":39,"minecraft:deepslate_iron_ore":36,"minecraft:gravel":28,"minecraft:dirt":1,"minecraft:stone":142,"minecraft:deepslate":500,"minecraft:orange_bed":2},"minecraft:custom":{"minecraft:interact_with_furnace":44,"minecraft:mob_kills":41,"minecraft:interact_with_crafting_table":36,"minecraft:leave_game":4,"minecraft:time_since_death":21806,"minecraft:sleep_in_bed":2,"minecraft:time_since_rest":1154,"minecraft:sprint_one_cm":358077,"minecraft:damage_taken":2758,"minecraft:walk_one_cm":291658,"minecraft:drop":15,"minecraft:damage_dealt":6909,"minecraft:swim_one_cm":12618,"minecraft:talked_to_villager":3,"minecraft:fly_one_cm":159587,"minecraft:open_chest":13,"minecraft:play_time":202303,"minecraft:crouch_one_cm":1131,"tombstone:undead_killed":21,"minecraft:deaths":3,"minecraft:sneak_time":587,"minecraft:walk_under_water_one_cm":10954,"minecraft:jump":1496,"minecraft:walk_on_water_one_cm":53145,"minecraft:total_world_time":202303,"minecraft:fall_one_cm":26716},"minecraft:picked_up":{"minecraft:crafting_table":1,"minecraft:chicken":2,"minecraft:glow_ink_sac":2,"packedup:basicbackpack":1,"minecraft:andesite":5,"minecraft:brown_wool":1,"minecraft:leather":5,"minecraft:wooden_pickaxe":1,"minecraft:flint":2,"minecraft:tuff":7,"minecraft:oak_log":2,"minecraft:gunpowder":4,"minecraft:dirt":3,"minecraft:lapis_lazuli":21,"minecraft:raw_copper":50,"minecraft:bone":2,"minecraft:wheat_seeds":2,"minecraft:cobbled_deepslate":428,"minecraft:raw_gold":27,"minecraft:iron_ingot":29,"minecraft:beef":5,"minecraft:stone_pickaxe":1,"minecraft:raw_iron":59,"minecraft:torch":27,"minecraft:acacia_log":37,"minecraft:gravel":63,"minecraft:porkchop":13,"tombstone:grave_dust":5,"minecraft:diorite":23,"minecraft:redstone":13,"minecraft:bundle":1,"minecraft:orange_bed":2,"minecraft:stone_sword":1,"minecraft:arrow":3,"minecraft:rotten_flesh":17,"minecraft:diamond":19,"minecraft:granite":6,"minecraft:bread":42,"minecraft:oak_sapling":2,"minecraft:mutton":2,"minecraft:coal":37,"minecraft:white_wool":1,"minecraft:cobblestone":140},"minecraft:killed_by":{"minecraft:creeper":1,"minecraft:zombie":1,"minecraft:enderman":1},"minecraft:crafted":{"minecraft:cooked_beef":8,"minecraft:oak_planks":8,"minecraft:cooked_porkchop":15,"minecraft:iron_nugget":9,"minecraft:crafting_table":3,"simplyswords:iron_chakram":1,"minecraft:wooden_pickaxe":1,"minecraft:iron_helmet":1,"minecraft:furnace":2,"minecraft:stone_axe":1,"minecraft:cooked_mutton":6,"minecraft:air":0,"minecraft:iron_boots":1,"minecraft:iron_chestplate":1,"minecraft:stick":32,"minecraft:iron_ingot":44,"minecraft:iron_pickaxe":8,"minecraft:stone_pickaxe":3,"minecraft:stone_sword":1,"minecraft:iron_leggings":1,"minecraft:acacia_planks":28,"minecraft:torch":4},"minecraft:used":{"minecraft:cooked_mutton":6,"minecraft:stone_sword":74,"minecraft:stone_pickaxe":209,"minecraft:wooden_pickaxe":13,"minecraft:rotten_flesh":4,"minecraft:orange_bed":2,"minecraft:torch":26,"simplyswords:iron_chakram":76,"minecraft:crafting_table":4,"minecraft:tuff":1,"minecraft:bread":9,"minecraft:iron_pickaxe":643,"minecraft:stone_axe":38,"minecraft:cobblestone":6,"minecraft:furnace":2,"minecraft:oak_sapling":2,"minecraft:cooked_porkchop":15,"minecraft:andesite":4,"tombstone:gift":4,"minecraft:cobbled_deepslate":24},"minecraft:killed":{"irons_spellbooks:summoned_zombie":1,"minecraft:pig":8,"minecraft:creeper":2,"minecraft:skeleton":4,"minecraft:sheep":2,"minecraft:horse":1,"minecraft:zombie":16,"minecraft:chicken":2,"minecraft:cow":4},"minecraft:dropped":{"minecraft:iron_ingot":5,"minecraft:stone_sword":2,"minecraft:cobbled_deepslate":296,"minecraft:cobblestone":41,"minecraft:andesite":1,"minecraft:wooden_pickaxe":1,"minecraft:stone_pickaxe":3},"minecraft:broken":{"minecraft:stone_pickaxe":1,"minecraft:iron_pickaxe":2}},"DataVersion":3465}