{"stats":{"minecraft:custom":{"minecraft:time_since_rest":11118,"minecraft:crouch_one_cm":36,"minecraft:play_time":11118,"minecraft:sprint_one_cm":16392,"minecraft:damage_taken":120,"minecraft:walk_one_cm":8196,"minecraft:sneak_time":14,"minecraft:walk_under_water_one_cm":212,"minecraft:jump":42,"minecraft:damage_dealt":27,"minecraft:leave_game":1,"minecraft:time_since_death":11118,"minecraft:walk_on_water_one_cm":382,"minecraft:total_world_time":11118,"minecraft:swim_one_cm":1517,"minecraft:interact_with_crafting_table":1,"minecraft:fall_one_cm":269,"minecraft:fly_one_cm":3528},"minecraft:crafted":{"minecraft:acacia_planks":12,"minecraft:crafting_table":1,"minecraft:stick":8,"minecraft:wooden_pickaxe":1},"minecraft:mined":{"minecraft:acacia_log":3,"minecraft:tall_grass":3,"minecraft:stone":12},"minecraft:used":{"minecraft:cobblestone":1,"minecraft:crafting_table":1,"minecraft:oak_sapling":2,"minecraft:wooden_pickaxe":12},"minecraft:picked_up":{"minecraft:wheat_seeds":2,"minecraft:acacia_log":3,"minecraft:oak_sapling":2,"minecraft:cobblestone":12}},"DataVersion":3465}