{"stats":{"minecraft:dropped":{"minecraft:torch":1},"minecraft:used":{"minecraft:cooked_mutton":6,"minecraft:stone_sword":42,"minecraft:stone_pickaxe":91,"minecraft:shield":21,"minecraft:wooden_pickaxe":6,"minecraft:torch":17,"minecraft:wooden_sword":29,"minecraft:crafting_table":3,"minecraft:oak_sapling":6,"minecraft:furnace":2,"simplyswords:iron_twinblade":4},"minecraft:killed":{"minecraft:sheep":13,"minecraft:zombie":2,"minecraft:spider":4,"minecraft:cow":7},"minecraft:crafted":{"minecraft:cooked_beef":10,"minecraft:wooden_sword":1,"minecraft:oak_planks":64,"minecraft:iron_boots":1,"minecraft:iron_chestplate":1,"minecraft:shield":1,"simplyswords:iron_twinblade":1,"minecraft:crafting_table":1,"minecraft:stick":16,"minecraft:iron_ingot":11,"minecraft:wooden_pickaxe":1,"minecraft:stone_pickaxe":1,"minecraft:stone_sword":1,"minecraft:chest":1,"minecraft:furnace":1,"packedup:basicbackpack":1,"minecraft:torch":20,"minecraft:air":0,"minecraft:cooked_mutton":19},"minecraft:picked_up":{"minecraft:crafting_table":2,"minecraft:stick":3,"minecraft:raw_iron":13,"minecraft:leather":6,"minecraft:torch":8,"minecraft:oak_log":28,"minecraft:spider_eye":1,"minecraft:string":6,"minecraft:raw_copper":30,"minecraft:rotten_flesh":1,"minecraft:beef":10,"minecraft:gray_wool":1,"minecraft:oak_sapling":6,"minecraft:black_wool":1,"minecraft:mutton":19,"minecraft:coal":39,"minecraft:furnace":2,"minecraft:white_wool":11,"minecraft:cobblestone":39,"minecraft:egg":1},"minecraft:custom":{"minecraft:time_since_rest":33040,"minecraft:interact_with_furnace":21,"minecraft:sprint_one_cm":39486,"minecraft:damage_taken":391,"minecraft:walk_one_cm":124628,"minecraft:damage_blocked_by_shield":280,"minecraft:mob_kills":26,"minecraft:drop":1,"minecraft:damage_dealt":2968,"minecraft:interact_with_crafting_table":14,"minecraft:fly_one_cm":61384,"minecraft:open_chest":2,"minecraft:crouch_one_cm":255,"minecraft:play_time":33040,"minecraft:sneak_time":63,"minecraft:jump":394,"minecraft:leave_game":1,"minecraft:time_since_death":33040,"minecraft:total_world_time":33040,"minecraft:fall_one_cm":9233},"minecraft:mined":{"minecraft:furnace":2,"minecraft:iron_ore":11,"minecraft:crafting_table":2,"minecraft:torch":2,"minecraft:grass":1,"minecraft:oak_log":28,"minecraft:coal_ore":38,"minecraft:copper_ore":8,"minecraft:stone":34,"minecraft:wall_torch":4,"minecraft:oak_leaves":11}},"DataVersion":3465}