{"stats":{"minecraft:crafted":{"minecraft:coal_block":2,"minecraft:wooden_sword":1,"minecraft:oak_planks":108,"minecraft:stone_shovel":3,"minecraft:crafting_table":6,"minecraft:cooked_chicken":13,"minecraft:iron_helmet":1,"minecraft:wooden_pickaxe":1,"minecraft:iron_sword":1,"minecraft:furnace":11,"minecraft:bucket":2,"minecraft:stone_axe":7,"minecraft:cooked_mutton":13,"minecraft:bread":33,"minecraft:air":0,"minecraft:oak_trapdoor":2,"minecraft:iron_boots":1,"minecraft:iron_chestplate":1,"minecraft:shield":1,"minecraft:iron_axe":1,"minecraft:stick":60,"minecraft:iron_ingot":92,"minecraft:iron_pickaxe":3,"minecraft:stone_pickaxe":4,"minecraft:stone_sword":1,"minecraft:chest":2,"minecraft:iron_leggings":2,"minecraft:oak_button":1,"minecraft:torch":108,"minecraft:wheat":99},"minecraft:used":{"minecraft:oak_trapdoor":3,"minecraft:water_bucket":7,"minecraft:stone_sword":34,"minecraft:stone_shovel":395,"minecraft:stone_pickaxe":446,"minecraft:chest":2,"minecraft:wooden_pickaxe":6,"minecraft:shield":2,"minecraft:iron_sword":56,"minecraft:cooked_chicken":1,"minecraft:iron_chestplate":1,"minecraft:torch":122,"minecraft:dirt":219,"minecraft:crafting_table":11,"minecraft:deepslate_lapis_ore":2,"minecraft:iron_pickaxe":412,"minecraft:iron_axe":2,"minecraft:bread":22,"minecraft:oak_button":1,"minecraft:map":1,"minecraft:iron_helmet":1,"minecraft:stone_axe":233,"minecraft:wooden_sword":34,"minecraft:cobblestone":7,"minecraft:oak_sapling":30,"minecraft:furnace":14,"minecraft:bucket":9,"minecraft:cobbled_deepslate":4},"minecraft:custom":{"minecraft:interact_with_furnace":27,"minecraft:mob_kills":31,"minecraft:interact_with_crafting_table":26,"minecraft:interact_with_cartography_table":2,"minecraft:bell_ring":5,"minecraft:leave_game":2,"minecraft:time_since_death":92773,"minecraft:sleep_in_bed":5,"minecraft:time_since_rest":6854,"minecraft:sprint_one_cm":135202,"minecraft:damage_taken":1219,"minecraft:walk_one_cm":635463,"minecraft:damage_blocked_by_shield":60,"minecraft:drop":9,"minecraft:damage_dealt":3422,"minecraft:swim_one_cm":29878,"minecraft:talked_to_villager":9,"minecraft:fly_one_cm":186517,"minecraft:open_chest":15,"minecraft:play_time":157476,"minecraft:crouch_one_cm":12687,"minecraft:deaths":1,"minecraft:sneak_time":4468,"minecraft:walk_under_water_one_cm":14505,"minecraft:interact_with_brewingstand":1,"minecraft:jump":1218,"minecraft:walk_on_water_one_cm":17601,"minecraft:total_world_time":157476,"minecraft:fall_one_cm":15480},"minecraft:broken":{"minecraft:stone_pickaxe":3,"minecraft:stone_axe":1,"minecraft:iron_pickaxe":1,"minecraft:stone_shovel":2},"minecraft:dropped":{"minecraft:gravel":10,"minecraft:stone_axe":1,"minecraft:stone_sword":1,"minecraft:cobbled_deepslate":42,"minecraft:tuff":4,"minecraft:cobblestone":29,"minecraft:rotten_flesh":1},"minecraft:killed":{"minecraft:spider":1,"minecraft:sheep":8,"minecraft:skeleton":4,"minecraft:zombie":4,"minecraft:chicken":13,"minecraft:enderman":1},"minecraft:picked_up":{"minecraft:iron_chestplate":1,"minecraft:crafting_table":5,"minecraft:feather":3,"minecraft:chicken":13,"minecraft:andesite":8,"minecraft:brown_wool":1,"minecraft:flint":3,"minecraft:tuff":4,"minecraft:oak_log":239,"minecraft:shield":1,"minecraft:lapis_lazuli":38,"minecraft:string":80,"minecraft:oak_trapdoor":1,"minecraft:dirt":318,"minecraft:paper":3,"minecraft:raw_copper":20,"minecraft:bone":5,"minecraft:apple":3,"minecraft:wheat_seeds":11,"minecraft:smooth_stone":1,"minecraft:cobbled_deepslate":442,"minecraft:raw_gold":38,"minecraft:iron_ingot":50,"minecraft:stone_pickaxe":2,"minecraft:cooked_chicken":13,"minecraft:light_gray_wool":1,"minecraft:iron_sword":1,"minecraft:oak_planks":2,"minecraft:iron_boots":1,"minecraft:furnace":3,"minecraft:raw_iron":119,"minecraft:stick":26,"minecraft:torch":35,"minecraft:dandelion":1,"minecraft:gravel":16,"minecraft:grass_block":1,"minecraft:redstone":22,"minecraft:pumpkin_seeds":3,"minecraft:arrow":4,"minecraft:rotten_flesh":4,"minecraft:diamond":16,"minecraft:hay_block":11,"minecraft:iron_helmet":1,"minecraft:golden_apple":1,"minecraft:emerald":7,"minecraft:oak_sapling":31,"minecraft:mutton":13,"minecraft:coal":224,"minecraft:rail":7,"minecraft:white_wool":6,"minecraft:cobblestone":251,"minecraft:ender_pearl":1},"minecraft:mined":{"minecraft:deepslate_redstone_ore":5,"minecraft:tuff":24,"minecraft:deepslate_diamond_ore":16,"minecraft:dandelion":1,"minecraft:torch":4,"minecraft:crafting_table":5,"minecraft:short_grass":33,"minecraft:grass_block":128,"minecraft:copper_ore":4,"minecraft:tall_grass":5,"minecraft:cobblestone":1,"minecraft:deepslate_gold_ore":7,"minecraft:lapis_ore":4,"minecraft:oak_planks":2,"minecraft:wall_torch":11,"minecraft:hay_block":11,"minecraft:oak_trapdoor":1,"minecraft:furnace":3,"minecraft:iron_ore":120,"minecraft:cobbled_deepslate":1,"minecraft:andesite":4,"minecraft:dirt_path":8,"minecraft:coal_ore":135,"minecraft:oak_log":222,"minecraft:gravel":14,"minecraft:dirt":186,"minecraft:cobweb":38,"minecraft:stone":152,"minecraft:gold_ore":12,"minecraft:oak_leaves":53,"minecraft:deepslate":360}},"DataVersion":3953}