{"stats":{"minecraft:crafted":{"minecraft:wooden_sword":1,"minecraft:oak_planks":252,"minecraft:stone_shovel":12,"minecraft:cooked_chicken":13,"minecraft:furnace":12,"minecraft:bone_meal":9,"minecraft:cooked_mutton":13,"minecraft:oak_trapdoor":2,"minecraft:hopper":7,"minecraft:iron_boots":1,"minecraft:polished_diorite":4,"minecraft:polished_deepslate":100,"minecraft:iron_axe":1,"minecraft:stone_pickaxe":5,"minecraft:chest":12,"minecraft:oak_button":1,"minecraft:stone_hoe":1,"minecraft:wheat":99,"minecraft:coal_block":2,"minecraft:dropper":7,"minecraft:crafting_table":9,"minecraft:wooden_pickaxe":1,"minecraft:iron_helmet":1,"minecraft:iron_sword":1,"minecraft:bucket":4,"minecraft:stone_axe":7,"minecraft:bread":33,"minecraft:air":0,"minecraft:iron_chestplate":1,"minecraft:diamond_pickaxe":1,"minecraft:shield":1,"minecraft:stick":84,"minecraft:iron_ingot":103,"minecraft:iron_pickaxe":3,"minecraft:stone_sword":1,"minecraft:gold_ingot":16,"minecraft:iron_leggings":2,"minecraft:torch":180,"minecraft:deepslate_bricks":100,"minecraft:polished_andesite":4},"minecraft:used":{"minecraft:oak_trapdoor":3,"minecraft:stone_sword":34,"minecraft:stone_shovel":1601,"minecraft:chest":5,"minecraft:shield":17,"minecraft:iron_sword":139,"minecraft:stone_hoe":39,"minecraft:cooked_chicken":5,"minecraft:iron_chestplate":1,"minecraft:orange_bed":1,"minecraft:torch":209,"minecraft:dirt":1207,"minecraft:hopper":7,"minecraft:polished_diorite":4,"minecraft:villager_spawn_egg":4,"minecraft:grass_block":1,"minecraft:iron_axe":2,"minecraft:iron_helmet":1,"minecraft:furnace":15,"minecraft:oak_sapling":31,"minecraft:cobbled_deepslate":4,"minecraft:calcite":4,"minecraft:wheat_seeds":32,"minecraft:cooked_mutton":3,"minecraft:water_bucket":30,"minecraft:dropper":8,"minecraft:polished_andesite":4,"minecraft:stone_pickaxe":602,"minecraft:oak_planks":21,"minecraft:wooden_pickaxe":6,"minecraft:rail":6,"minecraft:crafting_table":14,"minecraft:pumpkin_seeds":3,"minecraft:deepslate_lapis_ore":2,"minecraft:oak_log":47,"minecraft:bread":39,"minecraft:oak_button":1,"minecraft:iron_pickaxe":536,"minecraft:map":2,"minecraft:stone_axe":235,"minecraft:wooden_sword":34,"minecraft:cobblestone":9,"minecraft:bucket":33,"minecraft:bone_meal":9},"minecraft:custom":{"minecraft:inspect_dropper":4,"minecraft:mob_kills":58,"minecraft:interact_with_crafting_table":54,"minecraft:bell_ring":5,"minecraft:leave_game":4,"minecraft:time_since_death":251447,"minecraft:sprint_one_cm":372607,"minecraft:walk_one_cm":1157212,"minecraft:damage_blocked_by_shield":385,"minecraft:drop":11,"minecraft:talked_to_villager":10,"minecraft:play_time":316150,"minecraft:deaths":1,"minecraft:sneak_time":18079,"minecraft:walk_under_water_one_cm":17622,"minecraft:jump":3106,"minecraft:interact_with_brewingstand":1,"minecraft:walk_on_water_one_cm":23251,"minecraft:total_world_time":316150,"minecraft:interact_with_furnace":42,"minecraft:interact_with_cartography_table":3,"minecraft:sleep_in_bed":14,"minecraft:time_since_rest":35655,"minecraft:damage_taken":1996,"minecraft:damage_dealt":7427,"minecraft:swim_one_cm":34193,"minecraft:fly_one_cm":733026,"minecraft:open_chest":64,"minecraft:crouch_one_cm":81455,"minecraft:fall_one_cm":40458},"minecraft:broken":{"minecraft:stone_pickaxe":4,"minecraft:stone_axe":1,"minecraft:iron_pickaxe":1,"minecraft:stone_shovel":11},"minecraft:dropped":{"minecraft:cobblestone":29,"minecraft:gravel":14,"minecraft:stone_axe":1,"minecraft:stone_sword":1,"minecraft:cobbled_deepslate":42,"minecraft:tuff":4,"minecraft:rotten_flesh":1},"minecraft:killed":{"minecraft:spider":3,"minecraft:skeleton":13,"minecraft:chicken":13,"minecraft:sheep":8,"minecraft:zombie":15,"minecraft:enderman":1},"minecraft:picked_up":{"minecraft:crafting_table":6,"minecraft:iron_chestplate":1,"minecraft:chicken":13,"minecraft:shield":1,"minecraft:oak_trapdoor":1,"minecraft:string":81,"minecraft:raw_copper":29,"minecraft:cobbled_deepslate":444,"minecraft:smooth_stone":1,"minecraft:calcite":4,"minecraft:light_gray_wool":1,"minecraft:iron_boots":1,"minecraft:furnace":3,"minecraft:stick":26,"minecraft:raw_iron":147,"minecraft:torch":36,"minecraft:diorite":4,"minecraft:redstone":55,"minecraft:orange_bed":1,"minecraft:arrow":15,"minecraft:rotten_flesh":19,"minecraft:hay_block":11,"minecraft:mutton":13,"minecraft:cobblestone":392,"minecraft:white_wool":6,"minecraft:rail":7,"minecraft:feather":3,"minecraft:andesite":8,"minecraft:brown_wool":1,"minecraft:flint":4,"minecraft:tuff":4,"minecraft:oak_log":241,"minecraft:paper":3,"minecraft:lapis_lazuli":38,"minecraft:dirt":1135,"minecraft:bone":16,"minecraft:apple":3,"minecraft:bow":1,"minecraft:wheat_seeds":32,"minecraft:raw_gold":38,"minecraft:stone_pickaxe":2,"minecraft:iron_ingot":50,"minecraft:cooked_chicken":13,"minecraft:oak_planks":2,"minecraft:iron_sword":1,"minecraft:dandelion":1,"minecraft:dropper":1,"minecraft:gravel":26,"minecraft:grass_block":1,"minecraft:spider_eye":1,"minecraft:pumpkin_seeds":3,"minecraft:diamond":21,"minecraft:iron_helmet":1,"minecraft:golden_apple":1,"minecraft:emerald":7,"minecraft:oak_sapling":31,"minecraft:coal":305,"minecraft:ender_pearl":1},"minecraft:mined":{"minecraft:tuff":24,"minecraft:deepslate_diamond_ore":21,"minecraft:grass_block":406,"minecraft:hay_block":11,"minecraft:oak_trapdoor":1,"minecraft:furnace":3,"minecraft:iron_ore":148,"minecraft:cobbled_deepslate":1,"minecraft:andesite":4,"minecraft:dirt_path":9,"minecraft:stone":294,"minecraft:orange_bed":1,"minecraft:deepslate_redstone_ore":12,"minecraft:dandelion":1,"minecraft:crafting_table":6,"minecraft:torch":4,"minecraft:short_grass":83,"minecraft:calcite":4,"minecraft:dropper":1,"minecraft:tall_grass":8,"minecraft:copper_ore":6,"minecraft:cobblestone":1,"minecraft:lapis_ore":4,"minecraft:deepslate_gold_ore":7,"minecraft:oak_planks":2,"minecraft:diorite":4,"minecraft:wall_torch":11,"minecraft:oak_log":224,"minecraft:coal_ore":217,"minecraft:gravel":25,"minecraft:dirt":737,"minecraft:cobweb":38,"minecraft:gold_ore":12,"minecraft:oak_leaves":53,"minecraft:deepslate":362}},"DataVersion":3953}